eventtype,tick,timestamp,taskid,object,value,src
EVT_TASK_CREATE,0,0,esp_timer,Killer,0,TASK
EVT_TASK_CREATE,0,0,esp_timer,Flush,0,TASK
EVT_TASK_CREATE,0,0,esp_timer,Bus,0,TASK
EVT_TASK_CREATE,0,0,esp_timer,Cycle,0,TASK
EVT_TASK_CREATE,0,0,esp_timer,printer,0,TASK
EVT_TASK_CREATE,0,0,esp_timer,IDLE,0,TASK
traceTASK_SWITCHED_IN,0,0,esp_timer,0x0,0,TASK
traceTASK_SWITCHED_OUT,0,0,esp_timer,0x0,0,TASK
traceTASK_SWITCHED_IN,0,0,esp_timer,0x0,0,TASK
traceTASK_SWITCHED_OUT,0,0,esp_timer,0x0,0,TASK
traceTASK_SWITCHED_IN,0,0,Killer,0x0,0,TASK
EVT_TASK_DELAY,0,0,Killer,0x0,10000,TASK
traceTASK_SWITCHED_OUT,0,0,Killer,0x0,0,TASK
traceTASK_SWITCHED_IN,0,0,printer,0x0,0,TASK
traceTASK_SWITCHED_OUT,0,0,printer,0x0,0,TASK
traceTASK_SWITCHED_IN,0,0,Bus,0x0,0,TASK
EVT_QUEUE_SEND,0,0,Bus,0x3ffd14e0,0,TASK
traceTASK_SWITCHED_OUT,0,0,Bus,0x0,0,TASK
traceTASK_SWITCHED_IN,0,0,printer,0x0,0,TASK
EVT_QUEUE_RECEIVE,0,0,printer,0x3ffd14e0,0,TASK
EVT_QUEUE_SEND,0,0,printer,0x3ffb6a9c,0,TASK
EVT_QUEUE_SEND,0,0,printer,0x3ffb7f8c,0,TASK
EVT_QUEUE_SEND,6,6000,printer,0x3ffb7f8c,0,TASK
EVT_QUEUE_SEND,6,6000,printer,0x3ffb68cc,0,TASK
traceTASK_SWITCHED_OUT,6,6000,printer,0x0,0,TASK
traceTASK_SWITCHED_IN,6,6000,Cycle,0x0,0,TASK
EVT_QUEUE_SEND,6,6000,Cycle,0x3ffd14e0,0,TASK
traceTASK_SWITCHED_OUT,6,6000,Cycle,0x0,0,TASK
traceTASK_SWITCHED_IN,6,6000,printer,0x0,0,TASK
EVT_QUEUE_RECEIVE,6,6000,printer,0x3ffd14e0,0,TASK
EVT_QUEUE_SEND,6,6000,printer,0x3ffb6a9c,0,TASK
EVT_QUEUE_SEND,12,12000,printer,0x3ffb7f8c,0,TASK
EVT_QUEUE_SEND,12,12000,printer,0x3ffb68cc,0,TASK
traceTASK_SWITCHED_OUT,12,12000,printer,0x0,0,TASK
traceTASK_SWITCHED_IN,12,12000,Bus,0x0,0,TASK
EVT_TASK_DELAY_UNTIL,12,12000,Bus,0x0,200,TASK
traceTASK_SWITCHED_OUT,12,12000,Bus,0x0,0,TASK
traceTASK_SWITCHED_IN,12,12000,Cycle,0x0,0,TASK
EVT_TASK_DELAY_UNTIL,12,12000,Cycle,0x0,306,TASK
traceTASK_SWITCHED_OUT,12,12000,Cycle,0x0,0,TASK
traceTASK_SWITCHED_IN,12,12000,IDLE,0x0,0,TASK
traceTASK_SWITCHED_OUT,200,200000,IDLE,0x0,0,TASK
traceTASK_SWITCHED_IN,200,200000,Bus,0x0,0,TASK
EVT_QUEUE_SEND,200,200000,Bus,0x3ffd14e0,0,TASK
traceTASK_SWITCHED_OUT,200,200000,Bus,0x0,0,TASK
traceTASK_SWITCHED_IN,200,200000,printer,0x0,0,TASK
EVT_QUEUE_RECEIVE,200,200000,printer,0x3ffd14e0,0,TASK
EVT_QUEUE_SEND,200,200000,printer,0x3ffb6a9c,0,TASK
EVT_QUEUE_SEND,200,200000,printer,0x3ffb7f8c,0,TASK
EVT_QUEUE_SEND,200,200000,printer,0x3ffb68cc,0,TASK
traceTASK_SWITCHED_OUT,200,200000,printer,0x0,0,TASK
traceTASK_SWITCHED_IN,200,200000,Bus,0x0,0,TASK
EVT_TASK_DELAY_UNTIL,200,200000,Bus,0x0,400,TASK
traceTASK_SWITCHED_OUT,200,200000,Bus,0x0,0,TASK
traceTASK_SWITCHED_IN,200,200000,IDLE,0x0,0,TASK
traceTASK_SWITCHED_OUT,306,306000,IDLE,0x0,0,TASK
traceTASK_SWITCHED_IN,306,306000,Cycle,0x0,0,TASK
EVT_QUEUE_SEND,306,306000,Cycle,0x3ffd14e0,0,TASK
traceTASK_SWITCHED_OUT,306,306000,Cycle,0x0,0,TASK
traceTASK_SWITCHED_IN,306,306000,printer,0x0,0,TASK
EVT_QUEUE_RECEIVE,306,306000,printer,0x3ffd14e0,0,TASK
EVT_QUEUE_SEND,306,306000,printer,0x3ffb6a9c,0,TASK
EVT_QUEUE_SEND,306,306000,printer,0x3ffb7f8c,0,TASK
EVT_QUEUE_SEND,306,306000,printer,0x3ffb68cc,0,TASK
traceTASK_SWITCHED_OUT,306,306000,printer,0x0,0,TASK
traceTASK_SWITCHED_IN,306,306000,Cycle,0x0,0,TASK
EVT_TASK_DELAY_UNTIL,306,306000,Cycle,0x0,606,TASK
traceTASK_SWITCHED_OUT,306,306000,Cycle,0x0,0,TASK
traceTASK_SWITCHED_IN,306,306000,IDLE,0x0,0,TASK
traceTASK_SWITCHED_OUT,400,400000,IDLE,0x0,0,TASK
traceTASK_SWITCHED_IN,400,400000,Bus,0x0,0,TASK
EVT_QUEUE_SEND,400,400000,Bus,0x3ffd14e0,0,TASK
traceTASK_SWITCHED_OUT,400,400000,Bus,0x0,0,TASK
traceTASK_SWITCHED_IN,400,400000,printer,0x0,0,TASK
EVT_QUEUE_RECEIVE,400,400000,printer,0x3ffd14e0,0,TASK
EVT_QUEUE_SEND,400,400000,printer,0x3ffb6a9c,0,TASK
EVT_QUEUE_SEND,400,400000,printer,0x3ffb7f8c,0,TASK
EVT_QUEUE_SEND,400,400000,printer,0x3ffb68cc,0,TASK
traceTASK_SWITCHED_OUT,400,400000,printer,0x0,0,TASK
traceTASK_SWITCHED_IN,400,400000,Bus,0x0,0,TASK
EVT_TASK_DELAY_UNTIL,400,400000,Bus,0x0,600,TASK
traceTASK_SWITCHED_OUT,400,400000,Bus,0x0,0,TASK
traceTASK_SWITCHED_IN,400,400000,IDLE,0x0,0,TASK
traceTASK_SWITCHED_OUT,600,600000,IDLE,0x0,0,TASK
traceTASK_SWITCHED_IN,600,600000,Bus,0x0,0,TASK
EVT_QUEUE_SEND,600,600000,Bus,0x3ffd14e0,0,TASK
traceTASK_SWITCHED_OUT,600,600000,Bus,0x0,0,TASK
traceTASK_SWITCHED_IN,600,600000,printer,0x0,0,TASK
EVT_QUEUE_RECEIVE,600,600000,printer,0x3ffd14e0,0,TASK
EVT_QUEUE_SEND,600,600000,printer,0x3ffb6a9c,0,TASK
EVT_QUEUE_SEND,600,600000,printer,0x3ffb7f8c,0,TASK
EVT_QUEUE_SEND,600,600000,printer,0x3ffb68cc,0,TASK
traceTASK_SWITCHED_OUT,600,600000,printer,0x0,0,TASK
traceTASK_SWITCHED_IN,600,600000,Bus,0x0,0,TASK
EVT_TASK_DELAY_UNTIL,600,600000,Bus,0x0,800,TASK
traceTASK_SWITCHED_OUT,600,600000,Bus,0x0,0,TASK
traceTASK_SWITCHED_IN,600,600000,IDLE,0x0,0,TASK
traceTASK_SWITCHED_OUT,606,606000,IDLE,0x0,0,TASK
traceTASK_SWITCHED_IN,606,606000,Cycle,0x0,0,TASK
EVT_QUEUE_SEND,606,606000,Cycle,0x3ffd14e0,0,TASK
traceTASK_SWITCHED_OUT,606,606000,Cycle,0x0,0,TASK
traceTASK_SWITCHED_IN,606,606000,printer,0x0,0,TASK
EVT_QUEUE_RECEIVE,606,606000,printer,0x3ffd14e0,0,TASK
EVT_QUEUE_SEND,606,606000,printer,0x3ffb6a9c,0,TASK
EVT_QUEUE_SEND,606,606000,printer,0x3ffb7f8c,0,TASK
EVT_QUEUE_SEND,606,606000,printer,0x3ffb68cc,0,TASK
traceTASK_SWITCHED_OUT,606,606000,printer,0x0,0,TASK
traceTASK_SWITCHED_IN,606,606000,Cycle,0x0,0,TASK
EVT_TASK_DELAY_UNTIL,606,606000,Cycle,0x0,906,TASK
traceTASK_SWITCHED_OUT,606,606000,Cycle,0x0,0,TASK
traceTASK_SWITCHED_IN,606,606000,IDLE,0x0,0,TASK
traceTASK_SWITCHED_OUT,800,800000,IDLE,0x0,0,TASK
traceTASK_SWITCHED_IN,800,800000,Bus,0x0,0,TASK
EVT_QUEUE_SEND,800,800000,Bus,0x3ffd14e0,0,TASK
traceTASK_SWITCHED_OUT,800,800000,Bus,0x0,0,TASK
traceTASK_SWITCHED_IN,800,800000,printer,0x0,0,TASK
EVT_QUEUE_RECEIVE,800,800000,printer,0x3ffd14e0,0,TASK
EVT_QUEUE_SEND,800,800000,printer,0x3ffb6a9c,0,TASK
EVT_QUEUE_SEND,800,800000,printer,0x3ffb7f8c,0,TASK
EVT_QUEUE_SEND,800,800000,printer,0x3ffb68cc,0,TASK
traceTASK_SWITCHED_OUT,800,800000,printer,0x0,0,TASK
traceTASK_SWITCHED_IN,800,800000,Bus,0x0,0,TASK
EVT_TASK_DELAY_UNTIL,800,800000,Bus,0x0,1000,TASK
traceTASK_SWITCHED_OUT,800,800000,Bus,0x0,0,TASK
traceTASK_SWITCHED_IN,800,800000,IDLE,0x0,0,TASK
traceTASK_SWITCHED_OUT,906,906000,IDLE,0x0,0,TASK
traceTASK_SWITCHED_IN,906,906000,Cycle,0x0,0,TASK
EVT_QUEUE_SEND,906,906000,Cycle,0x3ffd14e0,0,TASK
traceTASK_SWITCHED_OUT,906,906000,Cycle,0x0,0,TASK
traceTASK_SWITCHED_IN,906,906000,printer,0x0,0,TASK
EVT_QUEUE_RECEIVE,906,906000,printer,0x3ffd14e0,0,TASK
EVT_QUEUE_SEND,906,906000,printer,0x3ffb6a9c,0,TASK
EVT_QUEUE_SEND,906,906000,printer,0x3ffb7f8c,0,TASK
EVT_QUEUE_SEND,906,906000,printer,0x3ffb68cc,0,TASK
traceTASK_SWITCHED_OUT,906,906000,printer,0x0,0,TASK
traceTASK_SWITCHED_IN,906,906000,Cycle,0x0,0,TASK
EVT_TASK_DELAY_UNTIL,906,906000,Cycle,0x0,1206,TASK
traceTASK_SWITCHED_OUT,906,906000,Cycle,0x0,0,TASK
traceTASK_SWITCHED_IN,906,906000,IDLE,0x0,0,TASK
traceTASK_SWITCHED_OUT,1000,1000000,IDLE,0x0,0,TASK
traceTASK_SWITCHED_IN,1000,1000000,Bus,0x0,0,TASK
EVT_QUEUE_SEND,1000,1000000,Bus,0x3ffd14e0,0,TASK
traceTASK_SWITCHED_OUT,1000,1000000,Bus,0x0,0,TASK
traceTASK_SWITCHED_IN,1000,1000000,printer,0x0,0,TASK
EVT_QUEUE_RECEIVE,1000,1000000,printer,0x3ffd14e0,0,TASK
EVT_QUEUE_SEND,1000,1000000,printer,0x3ffb6a9c,0,TASK
EVT_QUEUE_SEND,1000,1000000,printer,0x3ffb7f8c,0,TASK
EVT_QUEUE_SEND,1000,1000000,printer,0x3ffb68cc,0,TASK
traceTASK_SWITCHED_OUT,1000,1000000,printer,0x0,0,TASK
traceTASK_SWITCHED_IN,1000,1000000,Bus,0x0,0,TASK
EVT_TASK_DELAY_UNTIL,1000,1000000,Bus,0x0,1200,TASK
traceTASK_SWITCHED_OUT,1000,1000000,Bus,0x0,0,TASK
traceTASK_SWITCHED_IN,1000,1000000,IDLE,0x0,0,TASK
traceTASK_SWITCHED_OUT,1200,1200000,IDLE,0x0,0,TASK
traceTASK_SWITCHED_IN,1200,1200000,Bus,0x0,0,TASK
EVT_QUEUE_SEND,1200,1200000,Bus,0x3ffd14e0,0,TASK
traceTASK_SWITCHED_OUT,1200,1200000,Bus,0x0,0,TASK
traceTASK_SWITCHED_IN,1200,1200000,printer,0x0,0,TASK
EVT_QUEUE_RECEIVE,1200,1200000,printer,0x3ffd14e0,0,TASK
EVT_QUEUE_SEND,1200,1200000,printer,0x3ffb6a9c,0,TASK
EVT_QUEUE_SEND,1200,1200000,printer,0x3ffb7f8c,0,TASK
EVT_QUEUE_SEND,1200,1200000,printer,0x3ffb68cc,0,TASK
traceTASK_SWITCHED_OUT,1200,1200000,printer,0x0,0,TASK
traceTASK_SWITCHED_IN,1200,1200000,Bus,0x0,0,TASK
EVT_TASK_DELAY_UNTIL,1200,1200000,Bus,0x0,1400,TASK
traceTASK_SWITCHED_OUT,1200,1200000,Bus,0x0,0,TASK
traceTASK_SWITCHED_IN,1200,1200000,IDLE,0x0,0,TASK
traceTASK_SWITCHED_OUT,1206,1206000,IDLE,0x0,0,TASK
traceTASK_SWITCHED_IN,1206,1206000,Cycle,0x0,0,TASK
EVT_QUEUE_SEND,1206,1206000,Cycle,0x3ffd14e0,0,TASK
traceTASK_SWITCHED_OUT,1206,1206000,Cycle,0x0,0,TASK
traceTASK_SWITCHED_IN,1206,1206000,printer,0x0,0,TASK
EVT_QUEUE_RECEIVE,1206,1206000,printer,0x3ffd14e0,0,TASK
EVT_QUEUE_SEND,1206,1206000,printer,0x3ffb6a9c,0,TASK
EVT_QUEUE_SEND,1206,1206000,printer,0x3ffb7f8c,0,TASK
EVT_QUEUE_SEND,1206,1206000,printer,0x3ffb68cc,0,TASK
traceTASK_SWITCHED_OUT,1206,1206000,printer,0x0,0,TASK
traceTASK_SWITCHED_IN,1206,1206000,Cycle,0x0,0,TASK
EVT_TASK_DELAY_UNTIL,1206,1206000,Cycle,0x0,1506,TASK
traceTASK_SWITCHED_OUT,1206,1206000,Cycle,0x0,0,TASK
traceTASK_SWITCHED_IN,1206,1206000,IDLE,0x0,0,TASK
traceTASK_SWITCHED_OUT,1400,1400000,IDLE,0x0,0,TASK
traceTASK_SWITCHED_IN,1400,1400000,Bus,0x0,0,TASK
EVT_QUEUE_SEND,1400,1400000,Bus,0x3ffd14e0,0,TASK
traceTASK_SWITCHED_OUT,1400,1400000,Bus,0x0,0,TASK
traceTASK_SWITCHED_IN,1400,1400000,printer,0x0,0,TASK
EVT_QUEUE_RECEIVE,1400,1400000,printer,0x3ffd14e0,0,TASK
EVT_QUEUE_SEND,1400,1400000,printer,0x3ffb6a9c,0,TASK
EVT_QUEUE_SEND,1400,1400000,printer,0x3ffb7f8c,0,TASK
EVT_QUEUE_SEND,1400,1400000,printer,0x3ffb68cc,0,TASK
traceTASK_SWITCHED_OUT,1400,1400000,printer,0x0,0,TASK
traceTASK_SWITCHED_IN,1400,1400000,Bus,0x0,0,TASK
EVT_TASK_DELAY_UNTIL,1400,1400000,Bus,0x0,1600,TASK
traceTASK_SWITCHED_OUT,1400,1400000,Bus,0x0,0,TASK
traceTASK_SWITCHED_IN,1400,1400000,IDLE,0x0,0,TASK
traceTASK_SWITCHED_OUT,1506,1506000,IDLE,0x0,0,TASK
traceTASK_SWITCHED_IN,1506,1506000,Cycle,0x0,0,TASK
EVT_QUEUE_SEND,1506,1506000,Cycle,0x3ffd14e0,0,TASK
traceTASK_SWITCHED_OUT,1506,1506000,Cycle,0x0,0,TASK
traceTASK_SWITCHED_IN,1506,1506000,printer,0x0,0,TASK
EVT_QUEUE_RECEIVE,1506,1506000,printer,0x3ffd14e0,0,TASK
EVT_QUEUE_SEND,1506,1506000,printer,0x3ffb6a9c,0,TASK
EVT_QUEUE_SEND,1506,1506000,printer,0x3ffb7f8c,0,TASK
EVT_QUEUE_SEND,1506,1506000,printer,0x3ffb68cc,0,TASK
traceTASK_SWITCHED_OUT,1506,1506000,printer,0x0,0,TASK
traceTASK_SWITCHED_IN,1506,1506000,Cycle,0x0,0,TASK
EVT_TASK_DELAY_UNTIL,1506,1506000,Cycle,0x0,1806,TASK
traceTASK_SWITCHED_OUT,1506,1506000,Cycle,0x0,0,TASK
traceTASK_SWITCHED_IN,1506,1506000,IDLE,0x0,0,TASK
traceTASK_SWITCHED_OUT,1600,1600000,IDLE,0x0,0,TASK
traceTASK_SWITCHED_IN,1600,1600000,Bus,0x0,0,TASK
EVT_QUEUE_SEND,1600,1600000,Bus,0x3ffd14e0,0,TASK
traceTASK_SWITCHED_OUT,1600,1600000,Bus,0x0,0,TASK
traceTASK_SWITCHED_IN,1600,1600000,printer,0x0,0,TASK
EVT_QUEUE_RECEIVE,1600,1600000,printer,0x3ffd14e0,0,TASK
EVT_QUEUE_SEND,1600,1600000,printer,0x3ffb6a9c,0,TASK
EVT_QUEUE_SEND,1600,1600000,printer,0x3ffb7f8c,0,TASK
EVT_QUEUE_SEND,1600,1600000,printer,0x3ffb68cc,0,TASK
traceTASK_SWITCHED_OUT,1600,1600000,printer,0x0,0,TASK
traceTASK_SWITCHED_IN,1600,1600000,Bus,0x0,0,TASK
EVT_TASK_DELAY_UNTIL,1600,1600000,Bus,0x0,1800,TASK
traceTASK_SWITCHED_OUT,1600,1600000,Bus,0x0,0,TASK
traceTASK_SWITCHED_IN,1600,1600000,IDLE,0x0,0,TASK
traceTASK_SWITCHED_OUT,1800,1800000,IDLE,0x0,0,TASK
traceTASK_SWITCHED_IN,1800,1800000,Bus,0x0,0,TASK
EVT_QUEUE_SEND,1800,1800000,Bus,0x3ffd14e0,0,TASK
traceTASK_SWITCHED_OUT,1800,1800000,Bus,0x0,0,TASK
traceTASK_SWITCHED_IN,1800,1800000,printer,0x0,0,TASK
EVT_QUEUE_RECEIVE,1800,1800000,printer,0x3ffd14e0,0,TASK
EVT_QUEUE_SEND,1800,1800000,printer,0x3ffb6a9c,0,TASK
EVT_QUEUE_SEND,1800,1800000,printer,0x3ffb7f8c,0,TASK
EVT_QUEUE_SEND,1800,1800000,printer,0x3ffb68cc,0,TASK
traceTASK_SWITCHED_OUT,1800,1800000,printer,0x0,0,TASK
traceTASK_SWITCHED_IN,1800,1800000,Bus,0x0,0,TASK
EVT_TASK_DELAY_UNTIL,1800,1800000,Bus,0x0,2000,TASK
traceTASK_SWITCHED_OUT,1800,1800000,Bus,0x0,0,TASK
traceTASK_SWITCHED_IN,1800,1800000,IDLE,0x0,0,TASK
traceTASK_SWITCHED_OUT,1806,1806000,IDLE,0x0,0,TASK
traceTASK_SWITCHED_IN,1806,1806000,Cycle,0x0,0,TASK
EVT_QUEUE_SEND,1806,1806000,Cycle,0x3ffd14e0,0,TASK
traceTASK_SWITCHED_OUT,1806,1806000,Cycle,0x0,0,TASK
traceTASK_SWITCHED_IN,1806,1806000,printer,0x0,0,TASK
EVT_QUEUE_RECEIVE,1806,1806000,printer,0x3ffd14e0,0,TASK
EVT_QUEUE_SEND,1806,1806000,printer,0x3ffb6a9c,0,TASK
EVT_QUEUE_SEND,1806,1806000,printer,0x3ffb7f8c,0,TASK
EVT_QUEUE_SEND,1806,1806000,printer,0x3ffb68cc,0,TASK
traceTASK_SWITCHED_OUT,1806,1806000,printer,0x0,0,TASK
traceTASK_SWITCHED_IN,1806,1806000,Cycle,0x0,0,TASK
EVT_TASK_DELAY_UNTIL,1806,1806000,Cycle,0x0,2106,TASK
traceTASK_SWITCHED_OUT,1806,1806000,Cycle,0x0,0,TASK
traceTASK_SWITCHED_IN,1806,1806000,IDLE,0x0,0,TASK
traceTASK_SWITCHED_OUT,2000,2000000,IDLE,0x0,0,TASK
traceTASK_SWITCHED_IN,2000,2000000,Bus,0x0,0,TASK
EVT_QUEUE_SEND,2000,2000000,Bus,0x3ffd14e0,0,TASK
traceTASK_SWITCHED_OUT,2000,2000000,Bus,0x0,0,TASK
traceTASK_SWITCHED_IN,2000,2000000,printer,0x0,0,TASK
EVT_QUEUE_RECEIVE,2000,2000000,printer,0x3ffd14e0,0,TASK
EVT_QUEUE_SEND,2000,2000000,printer,0x3ffb6a9c,0,TASK
EVT_QUEUE_SEND,2000,2000000,printer,0x3ffb7f8c,0,TASK
EVT_QUEUE_SEND,2000,2000000,printer,0x3ffb68cc,0,TASK
traceTASK_SWITCHED_OUT,2000,2000000,printer,0x0,0,TASK
traceTASK_SWITCHED_IN,2000,2000000,Bus,0x0,0,TASK
EVT_TASK_DELAY_UNTIL,2000,2000000,Bus,0x0,2200,TASK
traceTASK_SWITCHED_OUT,2000,2000000,Bus,0x0,0,TASK
traceTASK_SWITCHED_IN,2000,2000000,IDLE,0x0,0,TASK
traceTASK_SWITCHED_OUT,2106,2106000,IDLE,0x0,0,TASK
traceTASK_SWITCHED_IN,2106,2106000,Cycle,0x0,0,TASK
EVT_QUEUE_SEND,2106,2106000,Cycle,0x3ffd14e0,0,TASK
traceTASK_SWITCHED_OUT,2106,2106000,Cycle,0x0,0,TASK
traceTASK_SWITCHED_IN,2106,2106000,printer,0x0,0,TASK
EVT_QUEUE_RECEIVE,2106,2106000,printer,0x3ffd14e0,0,TASK
EVT_QUEUE_SEND,2106,2106000,printer,0x3ffb6a9c,0,TASK
EVT_QUEUE_SEND,2106,2106000,printer,0x3ffb7f8c,0,TASK
EVT_QUEUE_SEND,2106,2106000,printer,0x3ffb68cc,0,TASK
traceTASK_SWITCHED_OUT,2106,2106000,printer,0x0,0,TASK
traceTASK_SWITCHED_IN,2106,2106000,Cycle,0x0,0,TASK
EVT_TASK_DELAY_UNTIL,2106,2106000,Cycle,0x0,2406,TASK
traceTASK_SWITCHED_OUT,2106,2106000,Cycle,0x0,0,TASK
traceTASK_SWITCHED_IN,2106,2106000,IDLE,0x0,0,TASK
traceTASK_SWITCHED_OUT,2200,2200000,IDLE,0x0,0,TASK
traceTASK_SWITCHED_IN,2200,2200000,Bus,0x0,0,TASK
EVT_QUEUE_SEND,2200,2200000,Bus,0x3ffd14e0,0,TASK
traceTASK_SWITCHED_OUT,2200,2200000,Bus,0x0,0,TASK
traceTASK_SWITCHED_IN,2200,2200000,printer,0x0,0,TASK
EVT_QUEUE_RECEIVE,2200,2200000,printer,0x3ffd14e0,0,TASK
EVT_QUEUE_SEND,2200,2200000,printer,0x3ffb6a9c,0,TASK
EVT_QUEUE_SEND,2200,2200000,printer,0x3ffb7f8c,0,TASK
EVT_QUEUE_SEND,2200,2200000,printer,0x3ffb68cc,0,TASK
traceTASK_SWITCHED_OUT,2200,2200000,printer,0x0,0,TASK
traceTASK_SWITCHED_IN,2200,2200000,Bus,0x0,0,TASK
EVT_TASK_DELAY_UNTIL,2200,2200000,Bus,0x0,2400,TASK
traceTASK_SWITCHED_OUT,2200,2200000,Bus,0x0,0,TASK
traceTASK_SWITCHED_IN,2200,2200000,IDLE,0x0,0,TASK
traceTASK_SWITCHED_OUT,2400,2400000,IDLE,0x0,0,TASK
traceTASK_SWITCHED_IN,2400,2400000,Bus,0x0,0,TASK
EVT_QUEUE_SEND,2400,2400000,Bus,0x3ffd14e0,0,TASK
traceTASK_SWITCHED_OUT,2400,2400000,Bus,0x0,0,TASK
traceTASK_SWITCHED_IN,2400,2400000,printer,0x0,0,TASK
EVT_QUEUE_RECEIVE,2400,2400000,printer,0x3ffd14e0,0,TASK
EVT_QUEUE_SEND,2400,2400000,printer,0x3ffb6a9c,0,TASK
EVT_QUEUE_SEND,2400,2400000,printer,0x3ffb7f8c,0,TASK
EVT_QUEUE_SEND,2400,2400000,printer,0x3ffb68cc,0,TASK
traceTASK_SWITCHED_OUT,2400,2400000,printer,0x0,0,TASK
traceTASK_SWITCHED_IN,2400,2400000,Bus,0x0,0,TASK
EVT_TASK_DELAY_UNTIL,2400,2400000,Bus,0x0,2600,TASK
traceTASK_SWITCHED_OUT,2400,2400000,Bus,0x0,0,TASK
traceTASK_SWITCHED_IN,2400,2400000,IDLE,0x0,0,TASK
traceTASK_SWITCHED_OUT,2406,2406000,IDLE,0x0,0,TASK
traceTASK_SWITCHED_IN,2406,2406000,Cycle,0x0,0,TASK
EVT_QUEUE_SEND,2406,2406000,Cycle,0x3ffd14e0,0,TASK
traceTASK_SWITCHED_OUT,2406,2406000,Cycle,0x0,0,TASK
traceTASK_SWITCHED_IN,2406,2406000,printer,0x0,0,TASK
EVT_QUEUE_RECEIVE,2406,2406000,printer,0x3ffd14e0,0,TASK
EVT_QUEUE_SEND,2406,2406000,printer,0x3ffb6a9c,0,TASK
EVT_QUEUE_SEND,2406,2406000,printer,0x3ffb7f8c,0,TASK
EVT_QUEUE_SEND,2406,2406000,printer,0x3ffb68cc,0,TASK
traceTASK_SWITCHED_OUT,2406,2406000,printer,0x0,0,TASK
traceTASK_SWITCHED_IN,2406,2406000,Cycle,0x0,0,TASK
EVT_TASK_DELAY_UNTIL,2406,2406000,Cycle,0x0,2706,TASK
traceTASK_SWITCHED_OUT,2406,2406000,Cycle,0x0,0,TASK
traceTASK_SWITCHED_IN,2406,2406000,IDLE,0x0,0,TASK
traceTASK_SWITCHED_OUT,2600,2600000,IDLE,0x0,0,TASK
traceTASK_SWITCHED_IN,2600,2600000,Bus,0x0,0,TASK
EVT_QUEUE_SEND,2600,2600000,Bus,0x3ffd14e0,0,TASK
traceTASK_SWITCHED_OUT,2600,2600000,Bus,0x0,0,TASK
traceTASK_SWITCHED_IN,2600,2600000,printer,0x0,0,TASK
EVT_QUEUE_RECEIVE,2600,2600000,printer,0x3ffd14e0,0,TASK
EVT_QUEUE_SEND,2600,2600000,printer,0x3ffb6a9c,0,TASK
EVT_QUEUE_SEND,2600,2600000,printer,0x3ffb7f8c,0,TASK
EVT_QUEUE_SEND,2600,2600000,printer,0x3ffb68cc,0,TASK
traceTASK_SWITCHED_OUT,2600,2600000,printer,0x0,0,TASK
traceTASK_SWITCHED_IN,2600,2600000,Bus,0x0,0,TASK
EVT_TASK_DELAY_UNTIL,2600,2600000,Bus,0x0,2800,TASK
traceTASK_SWITCHED_OUT,2600,2600000,Bus,0x0,0,TASK
traceTASK_SWITCHED_IN,2600,2600000,IDLE,0x0,0,TASK
traceTASK_SWITCHED_OUT,2706,2706000,IDLE,0x0,0,TASK
traceTASK_SWITCHED_IN,2706,2706000,Cycle,0x0,0,TASK
EVT_QUEUE_SEND,2706,2706000,Cycle,0x3ffd14e0,0,TASK
traceTASK_SWITCHED_OUT,2706,2706000,Cycle,0x0,0,TASK
traceTASK_SWITCHED_IN,2706,2706000,printer,0x0,0,TASK
EVT_QUEUE_RECEIVE,2706,2706000,printer,0x3ffd14e0,0,TASK
EVT_QUEUE_SEND,2706,2706000,printer,0x3ffb6a9c,0,TASK
EVT_QUEUE_SEND,2706,2706000,printer,0x3ffb7f8c,0,TASK
EVT_QUEUE_SEND,2706,2706000,printer,0x3ffb68cc,0,TASK
traceTASK_SWITCHED_OUT,2706,2706000,printer,0x0,0,TASK
traceTASK_SWITCHED_IN,2706,2706000,Cycle,0x0,0,TASK
EVT_TASK_DELAY_UNTIL,2706,2706000,Cycle,0x0,3006,TASK
traceTASK_SWITCHED_OUT,2706,2706000,Cycle,0x0,0,TASK
traceTASK_SWITCHED_IN,2706,2706000,IDLE,0x0,0,TASK
traceTASK_SWITCHED_OUT,2800,2800000,IDLE,0x0,0,TASK
traceTASK_SWITCHED_IN,2800,2800000,Bus,0x0,0,TASK
EVT_QUEUE_SEND,2800,2800000,Bus,0x3ffd14e0,0,TASK
traceTASK_SWITCHED_OUT,2800,2800000,Bus,0x0,0,TASK
traceTASK_SWITCHED_IN,2800,2800000,printer,0x0,0,TASK
EVT_QUEUE_RECEIVE,2800,2800000,printer,0x3ffd14e0,0,TASK
EVT_QUEUE_SEND,2800,2800000,printer,0x3ffb6a9c,0,TASK
EVT_QUEUE_SEND,2800,2800000,printer,0x3ffb7f8c,0,TASK
EVT_QUEUE_SEND,2800,2800000,printer,0x3ffb68cc,0,TASK
traceTASK_SWITCHED_OUT,2800,2800000,printer,0x0,0,TASK
traceTASK_SWITCHED_IN,2800,2800000,Bus,0x0,0,TASK
EVT_TASK_DELAY_UNTIL,2800,2800000,Bus,0x0,3000,TASK
traceTASK_SWITCHED_OUT,2800,2800000,Bus,0x0,0,TASK
traceTASK_SWITCHED_IN,2800,2800000,IDLE,0x0,0,TASK
traceTASK_SWITCHED_OUT,3000,3000000,IDLE,0x0,0,TASK
traceTASK_SWITCHED_IN,3000,3000000,Bus,0x0,0,TASK
EVT_QUEUE_SEND,3000,3000000,Bus,0x3ffd14e0,0,TASK
traceTASK_SWITCHED_OUT,3000,3000000,Bus,0x0,0,TASK
traceTASK_SWITCHED_IN,3000,3000000,printer,0x0,0,TASK
EVT_QUEUE_RECEIVE,3000,3000000,printer,0x3ffd14e0,0,TASK
EVT_QUEUE_SEND,3000,3000000,printer,0x3ffb6a9c,0,TASK
EVT_QUEUE_SEND,3000,3000000,printer,0x3ffb7f8c,0,TASK
EVT_QUEUE_SEND,3000,3000000,printer,0x3ffb68cc,0,TASK
traceTASK_SWITCHED_OUT,3000,3000000,printer,0x0,0,TASK
traceTASK_SWITCHED_IN,3000,3000000,Bus,0x0,0,TASK
EVT_TASK_DELAY_UNTIL,3000,3000000,Bus,0x0,3200,TASK
traceTASK_SWITCHED_OUT,3000,3000000,Bus,0x0,0,TASK
traceTASK_SWITCHED_IN,3000,3000000,IDLE,0x0,0,TASK
traceTASK_SWITCHED_OUT,3006,3006000,IDLE,0x0,0,TASK
traceTASK_SWITCHED_IN,3006,3006000,Cycle,0x0,0,TASK
EVT_QUEUE_SEND,3006,3006000,Cycle,0x3ffd14e0,0,TASK
traceTASK_SWITCHED_OUT,3006,3006000,Cycle,0x0,0,TASK
traceTASK_SWITCHED_IN,3006,3006000,printer,0x0,0,TASK
EVT_QUEUE_RECEIVE,3006,3006000,printer,0x3ffd14e0,0,TASK
EVT_QUEUE_SEND,3006,3006000,printer,0x3ffb6a9c,0,TASK
EVT_QUEUE_SEND,3006,3006000,printer,0x3ffb7f8c,0,TASK
EVT_QUEUE_SEND,3006,3006000,printer,0x3ffb68cc,0,TASK
traceTASK_SWITCHED_OUT,3006,3006000,printer,0x0,0,TASK
traceTASK_SWITCHED_IN,3006,3006000,Cycle,0x0,0,TASK
EVT_TASK_DELAY_UNTIL,3006,3006000,Cycle,0x0,3306,TASK
traceTASK_SWITCHED_OUT,3006,3006000,Cycle,0x0,0,TASK
traceTASK_SWITCHED_IN,3006,3006000,IDLE,0x0,0,TASK
traceTASK_SWITCHED_OUT,3012,3012000,IDLE,0x0,0,TASK
traceTASK_SWITCHED_IN,3200,3200000,Bus,0x0,0,TASK
EVT_QUEUE_SEND,3200,3200000,Bus,0x3ffd14e0,0,TASK
traceTASK_SWITCHED_OUT,3200,3200000,Bus,0x0,0,TASK
traceTASK_SWITCHED_IN,3200,3200000,printer,0x0,0,TASK
EVT_QUEUE_RECEIVE,3200,3200000,printer,0x3ffd14e0,0,TASK
EVT_QUEUE_SEND,3200,3200000,printer,0x3ffb6a9c,0,TASK
traceTASK_SWITCHED_OUT,3200,3200000,printer,0x0,0,TASK
traceTASK_SWITCHED_IN,3203,3203000,printer,0x0,0,TASK
EVT_QUEUE_SEND,3210,3210000,printer,0x3ffb7f8c,0,TASK
EVT_QUEUE_SEND,3210,3210000,printer,0x3ffb68cc,0,TASK
traceTASK_SWITCHED_OUT,3210,3210000,printer,0x0,0,TASK
traceTASK_SWITCHED_IN,3210,3210000,Bus,0x0,0,TASK
EVT_TASK_DELAY_UNTIL,3210,3210000,Bus,0x0,3400,TASK
traceTASK_SWITCHED_OUT,3210,3210000,Bus,0x0,0,TASK
traceTASK_SWITCHED_IN,3306,3306000,Cycle,0x0,0,TASK
EVT_QUEUE_SEND,3306,3306000,Cycle,0x3ffd14e0,0,TASK
traceTASK_SWITCHED_OUT,3306,3306000,Cycle,0x0,0,TASK
traceTASK_SWITCHED_IN,3306,3306000,printer,0x0,0,TASK
EVT_QUEUE_RECEIVE,3306,3306000,printer,0x3ffd14e0,0,TASK
EVT_QUEUE_SEND,3306,3306000,printer,0x3ffb6a9c,0,TASK
traceTASK_SWITCHED_OUT,3306,3306000,printer,0x0,0,TASK
traceTASK_SWITCHED_IN,3309,3309000,printer,0x0,0,TASK
EVT_QUEUE_SEND,3315,3315000,printer,0x3ffb7f8c,0,TASK
EVT_QUEUE_SEND,3315,3315000,printer,0x3ffb68cc,0,TASK
traceTASK_SWITCHED_OUT,3315,3315000,printer,0x0,0,TASK
traceTASK_SWITCHED_IN,3315,3315000,Cycle,0x0,0,TASK
EVT_TASK_DELAY_UNTIL,3315,3315000,Cycle,0x0,3606,TASK
traceTASK_SWITCHED_OUT,3315,3315000,Cycle,0x0,0,TASK
traceTASK_SWITCHED_IN,3400,3400000,Bus,0x0,0,TASK
EVT_QUEUE_SEND,3400,3400000,Bus,0x3ffd14e0,0,TASK
traceTASK_SWITCHED_OUT,3400,3400000,Bus,0x0,0,TASK
traceTASK_SWITCHED_IN,3400,3400000,printer,0x0,0,TASK
EVT_QUEUE_RECEIVE,3400,3400000,printer,0x3ffd14e0,0,TASK
EVT_QUEUE_SEND,3400,3400000,printer,0x3ffb6a9c,0,TASK
traceTASK_SWITCHED_OUT,3400,3400000,printer,0x0,0,TASK
traceTASK_SWITCHED_IN,3401,3401000,printer,0x0,0,TASK
EVT_QUEUE_SEND,3407,3407000,printer,0x3ffb7f8c,0,TASK
EVT_QUEUE_SEND,3407,3407000,printer,0x3ffb68cc,0,TASK
traceTASK_SWITCHED_OUT,3407,3407000,printer,0x0,0,TASK
traceTASK_SWITCHED_IN,3407,3407000,Bus,0x0,0,TASK
EVT_TASK_DELAY_UNTIL,3407,3407000,Bus,0x0,3600,TASK
traceTASK_SWITCHED_OUT,3407,3407000,Bus,0x0,0,TASK
traceTASK_SWITCHED_IN,3600,3600000,Bus,0x0,0,TASK
EVT_QUEUE_SEND,3600,3600000,Bus,0x3ffd14e0,0,TASK
traceTASK_SWITCHED_OUT,3600,3600000,Bus,0x0,0,TASK
traceTASK_SWITCHED_IN,3600,3600000,printer,0x0,0,TASK
EVT_QUEUE_RECEIVE,3600,3600000,printer,0x3ffd14e0,0,TASK
EVT_QUEUE_SEND,3600,3600000,printer,0x3ffb6a9c,0,TASK
traceTASK_SWITCHED_OUT,3600,3600000,printer,0x0,0,TASK
traceTASK_SWITCHED_IN,3600,3600000,printer,0x0,0,TASK
EVT_QUEUE_SEND,3607,3607000,printer,0x3ffb7f8c,0,TASK
EVT_QUEUE_SEND,3607,3607000,printer,0x3ffb68cc,0,TASK
traceTASK_SWITCHED_OUT,3607,3607000,printer,0x0,0,TASK
traceTASK_SWITCHED_IN,3607,3607000,Cycle,0x0,0,TASK
EVT_QUEUE_SEND,3607,3607000,Cycle,0x3ffd14e0,0,TASK
traceTASK_SWITCHED_OUT,3607,3607000,Cycle,0x0,0,TASK
traceTASK_SWITCHED_IN,3607,3607000,printer,0x0,0,TASK
EVT_QUEUE_RECEIVE,3607,3607000,printer,0x3ffd14e0,0,TASK
EVT_QUEUE_SEND,3607,3607000,printer,0x3ffb6a9c,0,TASK
EVT_QUEUE_SEND,3613,3613000,printer,0x3ffb7f8c,0,TASK
EVT_QUEUE_SEND,3613,3613000,printer,0x3ffb68cc,0,TASK
traceTASK_SWITCHED_OUT,3613,3613000,printer,0x0,0,TASK
traceTASK_SWITCHED_IN,3613,3613000,Bus,0x0,0,TASK
EVT_TASK_DELAY_UNTIL,3613,3613000,Bus,0x0,3800,TASK
traceTASK_SWITCHED_OUT,3613,3613000,Bus,0x0,0,TASK
traceTASK_SWITCHED_IN,3613,3613000,Cycle,0x0,0,TASK
EVT_TASK_DELAY_UNTIL,3613,3613000,Cycle,0x0,3906,TASK
traceTASK_SWITCHED_OUT,3613,3613000,Cycle,0x0,0,TASK
traceTASK_SWITCHED_IN,3800,3800000,Bus,0x0,0,TASK
EVT_QUEUE_SEND,3800,3800000,Bus,0x3ffd14e0,0,TASK
traceTASK_SWITCHED_OUT,3800,3800000,Bus,0x0,0,TASK
traceTASK_SWITCHED_IN,3800,3800000,printer,0x0,0,TASK
EVT_QUEUE_RECEIVE,3800,3800000,printer,0x3ffd14e0,0,TASK
EVT_QUEUE_SEND,3800,3800000,printer,0x3ffb6a9c,0,TASK
traceTASK_SWITCHED_OUT,3800,3800000,printer,0x0,0,TASK
traceTASK_SWITCHED_IN,3802,3802000,printer,0x0,0,TASK
EVT_QUEUE_SEND,3809,3809000,printer,0x3ffb7f8c,0,TASK
EVT_QUEUE_SEND,3809,3809000,printer,0x3ffb68cc,0,TASK
traceTASK_SWITCHED_OUT,3809,3809000,printer,0x0,0,TASK
traceTASK_SWITCHED_IN,3809,3809000,Bus,0x0,0,TASK
EVT_TASK_DELAY_UNTIL,3809,3809000,Bus,0x0,4000,TASK
traceTASK_SWITCHED_OUT,3809,3809000,Bus,0x0,0,TASK
traceTASK_SWITCHED_IN,3906,3906000,Cycle,0x0,0,TASK
EVT_QUEUE_SEND,3906,3906000,Cycle,0x3ffd14e0,0,TASK
traceTASK_SWITCHED_OUT,3906,3906000,Cycle,0x0,0,TASK
traceTASK_SWITCHED_IN,3906,3906000,printer,0x0,0,TASK
EVT_QUEUE_RECEIVE,3906,3906000,printer,0x3ffd14e0,0,TASK
EVT_QUEUE_SEND,3906,3906000,printer,0x3ffb6a9c,0,TASK
traceTASK_SWITCHED_OUT,3906,3906000,printer,0x0,0,TASK
traceTASK_SWITCHED_IN,3907,3907000,printer,0x0,0,TASK
EVT_QUEUE_SEND,3914,3914000,printer,0x3ffb7f8c,0,TASK
EVT_QUEUE_SEND,3914,3914000,printer,0x3ffb68cc,0,TASK
traceTASK_SWITCHED_OUT,3914,3914000,printer,0x0,0,TASK
traceTASK_SWITCHED_IN,3914,3914000,Cycle,0x0,0,TASK
EVT_TASK_DELAY_UNTIL,3914,3914000,Cycle,0x0,4206,TASK
traceTASK_SWITCHED_OUT,3914,3914000,Cycle,0x0,0,TASK
traceTASK_SWITCHED_IN,4000,4000000,Bus,0x0,0,TASK
EVT_QUEUE_SEND,4000,4000000,Bus,0x3ffd14e0,0,TASK
traceTASK_SWITCHED_OUT,4000,4000000,Bus,0x0,0,TASK
traceTASK_SWITCHED_IN,4000,4000000,printer,0x0,0,TASK
EVT_QUEUE_RECEIVE,4000,4000000,printer,0x3ffd14e0,0,TASK
EVT_QUEUE_SEND,4000,4000000,printer,0x3ffb6a9c,0,TASK
traceTASK_SWITCHED_OUT,4000,4000000,printer,0x0,0,TASK
traceTASK_SWITCHED_IN,4003,4003000,printer,0x0,0,TASK
EVT_QUEUE_SEND,4009,4009000,printer,0x3ffb7f8c,0,TASK
EVT_QUEUE_SEND,4009,4009000,printer,0x3ffb68cc,0,TASK
traceTASK_SWITCHED_OUT,4009,4009000,printer,0x0,0,TASK
traceTASK_SWITCHED_IN,4009,4009000,Bus,0x0,0,TASK
EVT_TASK_DELAY_UNTIL,4009,4009000,Bus,0x0,4200,TASK
traceTASK_SWITCHED_OUT,4009,4009000,Bus,0x0,0,TASK
traceTASK_SWITCHED_IN,4200,4200000,Bus,0x0,0,TASK
EVT_QUEUE_SEND,4200,4200000,Bus,0x3ffd14e0,0,TASK
traceTASK_SWITCHED_OUT,4200,4200000,Bus,0x0,0,TASK
traceTASK_SWITCHED_IN,4200,4200000,printer,0x0,0,TASK
EVT_QUEUE_RECEIVE,4200,4200000,printer,0x3ffd14e0,0,TASK
EVT_QUEUE_SEND,4200,4200000,printer,0x3ffb6a9c,0,TASK
traceTASK_SWITCHED_OUT,4200,4200000,printer,0x0,0,TASK
traceTASK_SWITCHED_IN,4201,4201000,printer,0x0,0,TASK
EVT_QUEUE_SEND,4207,4207000,printer,0x3ffb7f8c,0,TASK
EVT_QUEUE_SEND,4207,4207000,printer,0x3ffb68cc,0,TASK
traceTASK_SWITCHED_OUT,4207,4207000,printer,0x0,0,TASK
traceTASK_SWITCHED_IN,4207,4207000,Cycle,0x0,0,TASK
EVT_QUEUE_SEND,4207,4207000,Cycle,0x3ffd14e0,0,TASK
traceTASK_SWITCHED_OUT,4207,4207000,Cycle,0x0,0,TASK
traceTASK_SWITCHED_IN,4207,4207000,printer,0x0,0,TASK
EVT_QUEUE_RECEIVE,4207,4207000,printer,0x3ffd14e0,0,TASK
EVT_QUEUE_SEND,4207,4207000,printer,0x3ffb6a9c,0,TASK
EVT_QUEUE_SEND,4214,4214000,printer,0x3ffb7f8c,0,TASK
EVT_QUEUE_SEND,4214,4214000,printer,0x3ffb68cc,0,TASK
traceTASK_SWITCHED_OUT,4214,4214000,printer,0x0,0,TASK
traceTASK_SWITCHED_IN,4214,4214000,Bus,0x0,0,TASK
EVT_TASK_DELAY_UNTIL,4214,4214000,Bus,0x0,4400,TASK
traceTASK_SWITCHED_OUT,4214,4214000,Bus,0x0,0,TASK
traceTASK_SWITCHED_IN,4214,4214000,Cycle,0x0,0,TASK
EVT_TASK_DELAY_UNTIL,4214,4214000,Cycle,0x0,4506,TASK
traceTASK_SWITCHED_OUT,4214,4214000,Cycle,0x0,0,TASK
traceTASK_SWITCHED_IN,4400,4400000,Bus,0x0,0,TASK
EVT_QUEUE_SEND,4400,4400000,Bus,0x3ffd14e0,0,TASK
traceTASK_SWITCHED_OUT,4400,4400000,Bus,0x0,0,TASK
traceTASK_SWITCHED_IN,4400,4400000,printer,0x0,0,TASK
EVT_QUEUE_RECEIVE,4400,4400000,printer,0x3ffd14e0,0,TASK
EVT_QUEUE_SEND,4400,4400000,printer,0x3ffb6a9c,0,TASK
traceTASK_SWITCHED_OUT,4400,4400000,printer,0x0,0,TASK
traceTASK_SWITCHED_IN,4401,4401000,printer,0x0,0,TASK
EVT_QUEUE_SEND,4407,4407000,printer,0x3ffb7f8c,0,TASK
EVT_QUEUE_SEND,4407,4407000,printer,0x3ffb68cc,0,TASK
traceTASK_SWITCHED_OUT,4407,4407000,printer,0x0,0,TASK
traceTASK_SWITCHED_IN,4407,4407000,Bus,0x0,0,TASK
EVT_TASK_DELAY_UNTIL,4407,4407000,Bus,0x0,4600,TASK
traceTASK_SWITCHED_OUT,4407,4407000,Bus,0x0,0,TASK
traceTASK_SWITCHED_IN,4506,4506000,Cycle,0x0,0,TASK
EVT_QUEUE_SEND,4506,4506000,Cycle,0x3ffd14e0,0,TASK
traceTASK_SWITCHED_OUT,4506,4506000,Cycle,0x0,0,TASK
traceTASK_SWITCHED_IN,4506,4506000,printer,0x0,0,TASK
EVT_QUEUE_RECEIVE,4506,4506000,printer,0x3ffd14e0,0,TASK
EVT_QUEUE_SEND,4506,4506000,printer,0x3ffb6a9c,0,TASK
traceTASK_SWITCHED_OUT,4506,4506000,printer,0x0,0,TASK
traceTASK_SWITCHED_IN,4509,4509000,printer,0x0,0,TASK
EVT_QUEUE_SEND,4516,4516000,printer,0x3ffb7f8c,0,TASK
EVT_QUEUE_SEND,4516,4516000,printer,0x3ffb68cc,0,TASK
traceTASK_SWITCHED_OUT,4516,4516000,printer,0x0,0,TASK
traceTASK_SWITCHED_IN,4516,4516000,Cycle,0x0,0,TASK
EVT_TASK_DELAY_UNTIL,4516,4516000,Cycle,0x0,4806,TASK
traceTASK_SWITCHED_OUT,4516,4516000,Cycle,0x0,0,TASK
traceTASK_SWITCHED_IN,4600,4600000,Bus,0x0,0,TASK
EVT_QUEUE_SEND,4600,4600000,Bus,0x3ffd14e0,0,TASK
traceTASK_SWITCHED_OUT,4600,4600000,Bus,0x0,0,TASK
traceTASK_SWITCHED_IN,4600,4600000,printer,0x0,0,TASK
EVT_QUEUE_RECEIVE,4600,4600000,printer,0x3ffd14e0,0,TASK
EVT_QUEUE_SEND,4600,4600000,printer,0x3ffb6a9c,0,TASK
traceTASK_SWITCHED_OUT,4600,4600000,printer,0x0,0,TASK
traceTASK_SWITCHED_IN,4600,4600000,printer,0x0,0,TASK
EVT_QUEUE_SEND,4607,4607000,printer,0x3ffb7f8c,0,TASK
EVT_QUEUE_SEND,4607,4607000,printer,0x3ffb68cc,0,TASK
traceTASK_SWITCHED_OUT,4607,4607000,printer,0x0,0,TASK
traceTASK_SWITCHED_IN,4607,4607000,Bus,0x0,0,TASK
EVT_TASK_DELAY_UNTIL,4607,4607000,Bus,0x0,4800,TASK
traceTASK_SWITCHED_OUT,4607,4607000,Bus,0x0,0,TASK
traceTASK_SWITCHED_IN,4800,4800000,Bus,0x0,0,TASK
EVT_QUEUE_SEND,4800,4800000,Bus,0x3ffd14e0,0,TASK
traceTASK_SWITCHED_OUT,4800,4800000,Bus,0x0,0,TASK
traceTASK_SWITCHED_IN,4800,4800000,printer,0x0,0,TASK
EVT_QUEUE_RECEIVE,4800,4800000,printer,0x3ffd14e0,0,TASK
EVT_QUEUE_SEND,4800,4800000,printer,0x3ffb6a9c,0,TASK
traceTASK_SWITCHED_OUT,4800,4800000,printer,0x0,0,TASK
traceTASK_SWITCHED_IN,4803,4803000,printer,0x0,0,TASK
EVT_QUEUE_SEND,4810,4810000,printer,0x3ffb7f8c,0,TASK
EVT_QUEUE_SEND,4810,4810000,printer,0x3ffb68cc,0,TASK
traceTASK_SWITCHED_OUT,4810,4810000,printer,0x0,0,TASK
traceTASK_SWITCHED_IN,4810,4810000,Cycle,0x0,0,TASK
EVT_QUEUE_SEND,4810,4810000,Cycle,0x3ffd14e0,0,TASK
traceTASK_SWITCHED_OUT,4810,4810000,Cycle,0x0,0,TASK
traceTASK_SWITCHED_IN,4810,4810000,printer,0x0,0,TASK
EVT_QUEUE_RECEIVE,4810,4810000,printer,0x3ffd14e0,0,TASK
EVT_QUEUE_SEND,4810,4810000,printer,0x3ffb6a9c,0,TASK
EVT_QUEUE_SEND,4816,4816000,printer,0x3ffb7f8c,0,TASK
EVT_QUEUE_SEND,4816,4816000,printer,0x3ffb68cc,0,TASK
traceTASK_SWITCHED_OUT,4816,4816000,printer,0x0,0,TASK
traceTASK_SWITCHED_IN,4816,4816000,Bus,0x0,0,TASK
EVT_TASK_DELAY_UNTIL,4816,4816000,Bus,0x0,5000,TASK
traceTASK_SWITCHED_OUT,4816,4816000,Bus,0x0,0,TASK
traceTASK_SWITCHED_IN,4816,4816000,Cycle,0x0,0,TASK
EVT_TASK_DELAY_UNTIL,4816,4816000,Cycle,0x0,5106,TASK
traceTASK_SWITCHED_OUT,4816,4816000,Cycle,0x0,0,TASK
traceTASK_SWITCHED_IN,5000,5000000,Bus,0x0,0,TASK
EVT_QUEUE_SEND,5000,5000000,Bus,0x3ffd14e0,0,TASK
traceTASK_SWITCHED_OUT,5000,5000000,Bus,0x0,0,TASK
traceTASK_SWITCHED_IN,5000,5000000,printer,0x0,0,TASK
EVT_QUEUE_RECEIVE,5000,5000000,printer,0x3ffd14e0,0,TASK
EVT_QUEUE_SEND,5000,5000000,printer,0x3ffb6a9c,0,TASK
traceTASK_SWITCHED_OUT,5000,5000000,printer,0x0,0,TASK
traceTASK_SWITCHED_IN,5000,5000000,printer,0x0,0,TASK
EVT_QUEUE_SEND,5007,5007000,printer,0x3ffb7f8c,0,TASK
EVT_QUEUE_SEND,5007,5007000,printer,0x3ffb68cc,0,TASK
traceTASK_SWITCHED_OUT,5007,5007000,printer,0x0,0,TASK
traceTASK_SWITCHED_IN,5007,5007000,Bus,0x0,0,TASK
EVT_TASK_DELAY_UNTIL,5007,5007000,Bus,0x0,5200,TASK
traceTASK_SWITCHED_OUT,5007,5007000,Bus,0x0,0,TASK
traceTASK_SWITCHED_IN,5106,5106000,Cycle,0x0,0,TASK
EVT_QUEUE_SEND,5106,5106000,Cycle,0x3ffd14e0,0,TASK
traceTASK_SWITCHED_OUT,5106,5106000,Cycle,0x0,0,TASK
traceTASK_SWITCHED_IN,5106,5106000,printer,0x0,0,TASK
EVT_QUEUE_RECEIVE,5106,5106000,printer,0x3ffd14e0,0,TASK
EVT_QUEUE_SEND,5106,5106000,printer,0x3ffb6a9c,0,TASK
traceTASK_SWITCHED_OUT,5106,5106000,printer,0x0,0,TASK
traceTASK_SWITCHED_IN,5110,5110000,printer,0x0,0,TASK
EVT_QUEUE_SEND,5116,5116000,printer,0x3ffb7f8c,0,TASK
EVT_QUEUE_SEND,5117,5117000,printer,0x3ffb68cc,0,TASK
traceTASK_SWITCHED_OUT,5117,5117000,printer,0x0,0,TASK
traceTASK_SWITCHED_IN,5117,5117000,Cycle,0x0,0,TASK
EVT_TASK_DELAY_UNTIL,5117,5117000,Cycle,0x0,5406,TASK
traceTASK_SWITCHED_OUT,5117,5117000,Cycle,0x0,0,TASK
traceTASK_SWITCHED_IN,5200,5200000,Bus,0x0,0,TASK
EVT_QUEUE_SEND,5200,5200000,Bus,0x3ffd14e0,0,TASK
traceTASK_SWITCHED_OUT,5200,5200000,Bus,0x0,0,TASK
traceTASK_SWITCHED_IN,5200,5200000,printer,0x0,0,TASK
EVT_QUEUE_RECEIVE,5200,5200000,printer,0x3ffd14e0,0,TASK
EVT_QUEUE_SEND,5200,5200000,printer,0x3ffb6a9c,0,TASK
traceTASK_SWITCHED_OUT,5200,5200000,printer,0x0,0,TASK
traceTASK_SWITCHED_IN,5201,5201000,printer,0x0,0,TASK
EVT_QUEUE_SEND,5208,5208000,printer,0x3ffb7f8c,0,TASK
EVT_QUEUE_SEND,5208,5208000,printer,0x3ffb68cc,0,TASK
traceTASK_SWITCHED_OUT,5208,5208000,printer,0x0,0,TASK
traceTASK_SWITCHED_IN,5208,5208000,Bus,0x0,0,TASK
EVT_TASK_DELAY_UNTIL,5208,5208000,Bus,0x0,5400,TASK
traceTASK_SWITCHED_OUT,5208,5208000,Bus,0x0,0,TASK
traceTASK_SWITCHED_IN,5400,5400000,Bus,0x0,0,TASK
EVT_QUEUE_SEND,5400,5400000,Bus,0x3ffd14e0,0,TASK
traceTASK_SWITCHED_OUT,5400,5400000,Bus,0x0,0,TASK
traceTASK_SWITCHED_IN,5400,5400000,printer,0x0,0,TASK
EVT_QUEUE_RECEIVE,5400,5400000,printer,0x3ffd14e0,0,TASK
EVT_QUEUE_SEND,5400,5400000,printer,0x3ffb6a9c,0,TASK
traceTASK_SWITCHED_OUT,5400,5400000,printer,0x0,0,TASK
traceTASK_SWITCHED_IN,5401,5401000,printer,0x0,0,TASK
EVT_QUEUE_SEND,5408,5408000,printer,0x3ffb7f8c,0,TASK
EVT_QUEUE_SEND,5408,5408000,printer,0x3ffb68cc,0,TASK
traceTASK_SWITCHED_OUT,5408,5408000,printer,0x0,0,TASK
traceTASK_SWITCHED_IN,5408,5408000,Cycle,0x0,0,TASK
EVT_QUEUE_SEND,5408,5408000,Cycle,0x3ffd14e0,0,TASK
traceTASK_SWITCHED_OUT,5408,5408000,Cycle,0x0,0,TASK
traceTASK_SWITCHED_IN,5408,5408000,printer,0x0,0,TASK
EVT_QUEUE_RECEIVE,5408,5408000,printer,0x3ffd14e0,0,TASK
EVT_QUEUE_SEND,5408,5408000,printer,0x3ffb6a9c,0,TASK
EVT_QUEUE_SEND,5414,5414000,printer,0x3ffb7f8c,0,TASK
EVT_QUEUE_SEND,5414,5414000,printer,0x3ffb68cc,0,TASK
traceTASK_SWITCHED_OUT,5414,5414000,printer,0x0,0,TASK
traceTASK_SWITCHED_IN,5414,5414000,Bus,0x0,0,TASK
EVT_TASK_DELAY_UNTIL,5414,5414000,Bus,0x0,5600,TASK
traceTASK_SWITCHED_OUT,5414,5414000,Bus,0x0,0,TASK
traceTASK_SWITCHED_IN,5414,5414000,Cycle,0x0,0,TASK
EVT_TASK_DELAY_UNTIL,5414,5414000,Cycle,0x0,5706,TASK
traceTASK_SWITCHED_OUT,5414,5414000,Cycle,0x0,0,TASK
traceTASK_SWITCHED_IN,5600,5600000,Bus,0x0,0,TASK
EVT_QUEUE_SEND,5600,5600000,Bus,0x3ffd14e0,0,TASK
traceTASK_SWITCHED_OUT,5600,5600000,Bus,0x0,0,TASK
traceTASK_SWITCHED_IN,5600,5600000,printer,0x0,0,TASK
EVT_QUEUE_RECEIVE,5600,5600000,printer,0x3ffd14e0,0,TASK
EVT_QUEUE_SEND,5600,5600000,printer,0x3ffb6a9c,0,TASK
traceTASK_SWITCHED_OUT,5600,5600000,printer,0x0,0,TASK
traceTASK_SWITCHED_IN,5603,5603000,printer,0x0,0,TASK
EVT_QUEUE_SEND,5609,5609000,printer,0x3ffb7f8c,0,TASK
EVT_QUEUE_SEND,5609,5609000,printer,0x3ffb68cc,0,TASK
traceTASK_SWITCHED_OUT,5609,5609000,printer,0x0,0,TASK
traceTASK_SWITCHED_IN,5609,5609000,Bus,0x0,0,TASK
EVT_TASK_DELAY_UNTIL,5609,5609000,Bus,0x0,5800,TASK
traceTASK_SWITCHED_OUT,5609,5609000,Bus,0x0,0,TASK
traceTASK_SWITCHED_IN,5706,5706000,Cycle,0x0,0,TASK
EVT_QUEUE_SEND,5706,5706000,Cycle,0x3ffd14e0,0,TASK
traceTASK_SWITCHED_OUT,5706,5706000,Cycle,0x0,0,TASK
traceTASK_SWITCHED_IN,5706,5706000,printer,0x0,0,TASK
EVT_QUEUE_RECEIVE,5706,5706000,printer,0x3ffd14e0,0,TASK
EVT_QUEUE_SEND,5706,5706000,printer,0x3ffb6a9c,0,TASK
traceTASK_SWITCHED_OUT,5706,5706000,printer,0x0,0,TASK
traceTASK_SWITCHED_IN,5707,5707000,printer,0x0,0,TASK
EVT_QUEUE_SEND,5714,5714000,printer,0x3ffb7f8c,0,TASK
EVT_QUEUE_SEND,5714,5714000,printer,0x3ffb68cc,0,TASK
traceTASK_SWITCHED_OUT,5714,5714000,printer,0x0,0,TASK
traceTASK_SWITCHED_IN,5714,5714000,Cycle,0x0,0,TASK
EVT_TASK_DELAY_UNTIL,5714,5714000,Cycle,0x0,6006,TASK
traceTASK_SWITCHED_OUT,5714,5714000,Cycle,0x0,0,TASK
traceTASK_SWITCHED_IN,5800,5800000,Bus,0x0,0,TASK
EVT_QUEUE_SEND,5800,5800000,Bus,0x3ffd14e0,0,TASK
traceTASK_SWITCHED_OUT,5800,5800000,Bus,0x0,0,TASK
traceTASK_SWITCHED_IN,5800,5800000,printer,0x0,0,TASK
EVT_QUEUE_RECEIVE,5800,5800000,printer,0x3ffd14e0,0,TASK
EVT_QUEUE_SEND,5800,5800000,printer,0x3ffb6a9c,0,TASK
traceTASK_SWITCHED_OUT,5800,5800000,printer,0x0,0,TASK
traceTASK_SWITCHED_IN,5804,5804000,printer,0x0,0,TASK
EVT_QUEUE_SEND,5810,5810000,printer,0x3ffb7f8c,0,TASK
EVT_QUEUE_SEND,5811,5811000,printer,0x3ffb68cc,0,TASK
traceTASK_SWITCHED_OUT,5811,5811000,printer,0x0,0,TASK
traceTASK_SWITCHED_IN,5811,5811000,Bus,0x0,0,TASK
EVT_TASK_DELAY_UNTIL,5811,5811000,Bus,0x0,6000,TASK
traceTASK_SWITCHED_OUT,5811,5811000,Bus,0x0,0,TASK
traceTASK_SWITCHED_IN,6000,6000000,Bus,0x0,0,TASK
EVT_QUEUE_SEND,6000,6000000,Bus,0x3ffd14e0,0,TASK
traceTASK_SWITCHED_OUT,6000,6000000,Bus,0x0,0,TASK
traceTASK_SWITCHED_IN,6000,6000000,printer,0x0,0,TASK
EVT_QUEUE_RECEIVE,6000,6000000,printer,0x3ffd14e0,0,TASK
EVT_QUEUE_SEND,6000,6000000,printer,0x3ffb6a9c,0,TASK
traceTASK_SWITCHED_OUT,6000,6000000,printer,0x0,0,TASK
traceTASK_SWITCHED_IN,6004,6004000,printer,0x0,0,TASK
EVT_QUEUE_SEND,6010,6010000,printer,0x3ffb7f8c,0,TASK
EVT_QUEUE_SEND,6010,6010000,printer,0x3ffb68cc,0,TASK
traceTASK_SWITCHED_OUT,6010,6010000,printer,0x0,0,TASK
traceTASK_SWITCHED_IN,6010,6010000,Cycle,0x0,0,TASK
EVT_QUEUE_SEND,6010,6010000,Cycle,0x3ffd14e0,0,TASK
traceTASK_SWITCHED_OUT,6010,6010000,Cycle,0x0,0,TASK
traceTASK_SWITCHED_IN,6010,6010000,printer,0x0,0,TASK
EVT_QUEUE_RECEIVE,6010,6010000,printer,0x3ffd14e0,0,TASK
EVT_QUEUE_SEND,6010,6010000,printer,0x3ffb6a9c,0,TASK
EVT_QUEUE_SEND,6017,6017000,printer,0x3ffb7f8c,0,TASK
EVT_QUEUE_SEND,6017,6017000,printer,0x3ffb68cc,0,TASK
traceTASK_SWITCHED_OUT,6017,6017000,printer,0x0,0,TASK
traceTASK_SWITCHED_IN,6017,6017000,Bus,0x0,0,TASK
EVT_TASK_DELAY_UNTIL,6017,6017000,Bus,0x0,6200,TASK
traceTASK_SWITCHED_OUT,6017,6017000,Bus,0x0,0,TASK
traceTASK_SWITCHED_IN,6017,6017000,Cycle,0x0,0,TASK
EVT_TASK_DELAY_UNTIL,6017,6017000,Cycle,0x0,6306,TASK
traceTASK_SWITCHED_OUT,6017,6017000,Cycle,0x0,0,TASK
traceTASK_SWITCHED_IN,6200,6200000,Bus,0x0,0,TASK
EVT_QUEUE_SEND,6200,6200000,Bus,0x3ffd14e0,0,TASK
traceTASK_SWITCHED_OUT,6200,6200000,Bus,0x0,0,TASK
traceTASK_SWITCHED_IN,6200,6200000,printer,0x0,0,TASK
EVT_QUEUE_RECEIVE,6200,6200000,printer,0x3ffd14e0,0,TASK
EVT_QUEUE_SEND,6200,6200000,printer,0x3ffb6a9c,0,TASK
traceTASK_SWITCHED_OUT,6200,6200000,printer,0x0,0,TASK
traceTASK_SWITCHED_IN,6201,6201000,printer,0x0,0,TASK
EVT_QUEUE_SEND,6208,6208000,printer,0x3ffb7f8c,0,TASK
EVT_QUEUE_SEND,6208,6208000,printer,0x3ffb68cc,0,TASK
traceTASK_SWITCHED_OUT,6208,6208000,printer,0x0,0,TASK
traceTASK_SWITCHED_IN,6208,6208000,Bus,0x0,0,TASK
EVT_TASK_DELAY_UNTIL,6208,6208000,Bus,0x0,6400,TASK
traceTASK_SWITCHED_OUT,6208,6208000,Bus,0x0,0,TASK
traceTASK_SWITCHED_IN,6306,6306000,Cycle,0x0,0,TASK
EVT_QUEUE_SEND,6306,6306000,Cycle,0x3ffd14e0,0,TASK
traceTASK_SWITCHED_OUT,6306,6306000,Cycle,0x0,0,TASK
traceTASK_SWITCHED_IN,6306,6306000,printer,0x0,0,TASK
EVT_QUEUE_RECEIVE,6306,6306000,printer,0x3ffd14e0,0,TASK
EVT_QUEUE_SEND,6306,6306000,printer,0x3ffb6a9c,0,TASK
traceTASK_SWITCHED_OUT,6306,6306000,printer,0x0,0,TASK
traceTASK_SWITCHED_IN,6307,6307000,printer,0x0,0,TASK
EVT_QUEUE_SEND,6314,6314000,printer,0x3ffb7f8c,0,TASK
EVT_QUEUE_SEND,6314,6314000,printer,0x3ffb68cc,0,TASK
traceTASK_SWITCHED_OUT,6314,6314000,printer,0x0,0,TASK
traceTASK_SWITCHED_IN,6314,6314000,Cycle,0x0,0,TASK
EVT_TASK_DELAY_UNTIL,6314,6314000,Cycle,0x0,6606,TASK
traceTASK_SWITCHED_OUT,6314,6314000,Cycle,0x0,0,TASK
traceTASK_SWITCHED_IN,6400,6400000,Bus,0x0,0,TASK
EVT_QUEUE_SEND,6400,6400000,Bus,0x3ffd14e0,0,TASK
traceTASK_SWITCHED_OUT,6400,6400000,Bus,0x0,0,TASK
traceTASK_SWITCHED_IN,6400,6400000,printer,0x0,0,TASK
EVT_QUEUE_RECEIVE,6400,6400000,printer,0x3ffd14e0,0,TASK
EVT_QUEUE_SEND,6400,6400000,printer,0x3ffb6a9c,0,TASK
traceTASK_SWITCHED_OUT,6400,6400000,printer,0x0,0,TASK
traceTASK_SWITCHED_IN,6402,6402000,printer,0x0,0,TASK
EVT_QUEUE_SEND,6409,6409000,printer,0x3ffb7f8c,0,TASK
EVT_QUEUE_SEND,6409,6409000,printer,0x3ffb68cc,0,TASK
traceTASK_SWITCHED_OUT,6409,6409000,printer,0x0,0,TASK
traceTASK_SWITCHED_IN,6409,6409000,Bus,0x0,0,TASK
EVT_TASK_DELAY_UNTIL,6409,6409000,Bus,0x0,6600,TASK
traceTASK_SWITCHED_OUT,6409,6409000,Bus,0x0,0,TASK
traceTASK_SWITCHED_IN,6600,6600000,Bus,0x0,0,TASK
EVT_QUEUE_SEND,6600,6600000,Bus,0x3ffd14e0,0,TASK
traceTASK_SWITCHED_OUT,6600,6600000,Bus,0x0,0,TASK
traceTASK_SWITCHED_IN,6600,6600000,printer,0x0,0,TASK
EVT_QUEUE_RECEIVE,6600,6600000,printer,0x3ffd14e0,0,TASK
EVT_QUEUE_SEND,6600,6600000,printer,0x3ffb6a9c,0,TASK
traceTASK_SWITCHED_OUT,6600,6600000,printer,0x0,0,TASK
traceTASK_SWITCHED_IN,6602,6602000,printer,0x0,0,TASK
EVT_QUEUE_SEND,6609,6609000,printer,0x3ffb7f8c,0,TASK
EVT_QUEUE_SEND,6609,6609000,printer,0x3ffb68cc,0,TASK
traceTASK_SWITCHED_OUT,6609,6609000,printer,0x0,0,TASK
traceTASK_SWITCHED_IN,6609,6609000,Cycle,0x0,0,TASK
EVT_QUEUE_SEND,6609,6609000,Cycle,0x3ffd14e0,0,TASK
traceTASK_SWITCHED_OUT,6609,6609000,Cycle,0x0,0,TASK
traceTASK_SWITCHED_IN,6609,6609000,printer,0x0,0,TASK
EVT_QUEUE_RECEIVE,6609,6609000,printer,0x3ffd14e0,0,TASK
EVT_QUEUE_SEND,6609,6609000,printer,0x3ffb6a9c,0,TASK
EVT_QUEUE_SEND,6615,6615000,printer,0x3ffb7f8c,0,TASK
EVT_QUEUE_SEND,6615,6615000,printer,0x3ffb68cc,0,TASK
traceTASK_SWITCHED_OUT,6615,6615000,printer,0x0,0,TASK
traceTASK_SWITCHED_IN,6615,6615000,Bus,0x0,0,TASK
EVT_TASK_DELAY_UNTIL,6615,6615000,Bus,0x0,6800,TASK
traceTASK_SWITCHED_OUT,6615,6615000,Bus,0x0,0,TASK
traceTASK_SWITCHED_IN,6615,6615000,Cycle,0x0,0,TASK
EVT_TASK_DELAY_UNTIL,6615,6615000,Cycle,0x0,6906,TASK
traceTASK_SWITCHED_OUT,6615,6615000,Cycle,0x0,0,TASK
traceTASK_SWITCHED_IN,6800,6800000,Bus,0x0,0,TASK
EVT_QUEUE_SEND,6800,6800000,Bus,0x3ffd14e0,0,TASK
traceTASK_SWITCHED_OUT,6800,6800000,Bus,0x0,0,TASK
traceTASK_SWITCHED_IN,6800,6800000,printer,0x0,0,TASK
EVT_QUEUE_RECEIVE,6800,6800000,printer,0x3ffd14e0,0,TASK
EVT_QUEUE_SEND,6800,6800000,printer,0x3ffb6a9c,0,TASK
traceTASK_SWITCHED_OUT,6800,6800000,printer,0x0,0,TASK
traceTASK_SWITCHED_IN,6804,6804000,printer,0x0,0,TASK
EVT_QUEUE_SEND,6810,6810000,printer,0x3ffb7f8c,0,TASK
EVT_QUEUE_SEND,6810,6810000,printer,0x3ffb68cc,0,TASK
traceTASK_SWITCHED_OUT,6810,6810000,printer,0x0,0,TASK
traceTASK_SWITCHED_IN,6810,6810000,Bus,0x0,0,TASK
EVT_TASK_DELAY_UNTIL,6810,6810000,Bus,0x0,7000,TASK
traceTASK_SWITCHED_OUT,6810,6810000,Bus,0x0,0,TASK
traceTASK_SWITCHED_IN,6906,6906000,Cycle,0x0,0,TASK
EVT_QUEUE_SEND,6906,6906000,Cycle,0x3ffd14e0,0,TASK
traceTASK_SWITCHED_OUT,6906,6906000,Cycle,0x0,0,TASK
traceTASK_SWITCHED_IN,6906,6906000,printer,0x0,0,TASK
EVT_QUEUE_RECEIVE,6906,6906000,printer,0x3ffd14e0,0,TASK
EVT_QUEUE_SEND,6906,6906000,printer,0x3ffb6a9c,0,TASK
traceTASK_SWITCHED_OUT,6906,6906000,printer,0x0,0,TASK
traceTASK_SWITCHED_IN,6909,6909000,printer,0x0,0,TASK
EVT_QUEUE_SEND,6916,6916000,printer,0x3ffb7f8c,0,TASK
EVT_QUEUE_SEND,6916,6916000,printer,0x3ffb68cc,0,TASK
traceTASK_SWITCHED_OUT,6916,6916000,printer,0x0,0,TASK
traceTASK_SWITCHED_IN,6916,6916000,Cycle,0x0,0,TASK
EVT_TASK_DELAY_UNTIL,6916,6916000,Cycle,0x0,7206,TASK
traceTASK_SWITCHED_OUT,6916,6916000,Cycle,0x0,0,TASK
traceTASK_SWITCHED_IN,7000,7000000,Bus,0x0,0,TASK
EVT_QUEUE_SEND,7000,7000000,Bus,0x3ffd14e0,0,TASK
traceTASK_SWITCHED_OUT,7000,7000000,Bus,0x0,0,TASK
traceTASK_SWITCHED_IN,7000,7000000,printer,0x0,0,TASK
EVT_QUEUE_RECEIVE,7000,7000000,printer,0x3ffd14e0,0,TASK
EVT_QUEUE_SEND,7000,7000000,printer,0x3ffb6a9c,0,TASK
traceTASK_SWITCHED_OUT,7000,7000000,printer,0x0,0,TASK
traceTASK_SWITCHED_IN,7001,7001000,printer,0x0,0,TASK
EVT_QUEUE_SEND,7008,7008000,printer,0x3ffb7f8c,0,TASK
EVT_QUEUE_SEND,7008,7008000,printer,0x3ffb68cc,0,TASK
traceTASK_SWITCHED_OUT,7008,7008000,printer,0x0,0,TASK
traceTASK_SWITCHED_IN,7008,7008000,Bus,0x0,0,TASK
EVT_TASK_DELAY_UNTIL,7008,7008000,Bus,0x0,7200,TASK
traceTASK_SWITCHED_OUT,7008,7008000,Bus,0x0,0,TASK
traceTASK_SWITCHED_IN,7200,7200000,Bus,0x0,0,TASK
EVT_QUEUE_SEND,7200,7200000,Bus,0x3ffd14e0,0,TASK
traceTASK_SWITCHED_OUT,7200,7200000,Bus,0x0,0,TASK
traceTASK_SWITCHED_IN,7200,7200000,printer,0x0,0,TASK
EVT_QUEUE_RECEIVE,7200,7200000,printer,0x3ffd14e0,0,TASK
EVT_QUEUE_SEND,7200,7200000,printer,0x3ffb6a9c,0,TASK
traceTASK_SWITCHED_OUT,7200,7200000,printer,0x0,0,TASK
traceTASK_SWITCHED_IN,7201,7201000,printer,0x0,0,TASK
EVT_QUEUE_SEND,7208,7208000,printer,0x3ffb7f8c,0,TASK
EVT_QUEUE_SEND,7208,7208000,printer,0x3ffb68cc,0,TASK
traceTASK_SWITCHED_OUT,7208,7208000,printer,0x0,0,TASK
traceTASK_SWITCHED_IN,7208,7208000,Cycle,0x0,0,TASK
EVT_QUEUE_SEND,7208,7208000,Cycle,0x3ffd14e0,0,TASK
traceTASK_SWITCHED_OUT,7208,7208000,Cycle,0x0,0,TASK
traceTASK_SWITCHED_IN,7208,7208000,printer,0x0,0,TASK
EVT_QUEUE_RECEIVE,7208,7208000,printer,0x3ffd14e0,0,TASK
EVT_QUEUE_SEND,7208,7208000,printer,0x3ffb6a9c,0,TASK
EVT_QUEUE_SEND,7214,7214000,printer,0x3ffb7f8c,0,TASK
EVT_QUEUE_SEND,7214,7214000,printer,0x3ffb68cc,0,TASK
traceTASK_SWITCHED_OUT,7214,7214000,printer,0x0,0,TASK
traceTASK_SWITCHED_IN,7214,7214000,Bus,0x0,0,TASK
EVT_TASK_DELAY_UNTIL,7214,7214000,Bus,0x0,7400,TASK
traceTASK_SWITCHED_OUT,7214,7214000,Bus,0x0,0,TASK
traceTASK_SWITCHED_IN,7214,7214000,Cycle,0x0,0,TASK
EVT_TASK_DELAY_UNTIL,7214,7214000,Cycle,0x0,7506,TASK
traceTASK_SWITCHED_OUT,7214,7214000,Cycle,0x0,0,TASK
traceTASK_SWITCHED_IN,7400,7400000,Bus,0x0,0,TASK
EVT_QUEUE_SEND,7400,7400000,Bus,0x3ffd14e0,0,TASK
traceTASK_SWITCHED_OUT,7400,7400000,Bus,0x0,0,TASK
traceTASK_SWITCHED_IN,7400,7400000,printer,0x0,0,TASK
EVT_QUEUE_RECEIVE,7400,7400000,printer,0x3ffd14e0,0,TASK
EVT_QUEUE_SEND,7400,7400000,printer,0x3ffb6a9c,0,TASK
traceTASK_SWITCHED_OUT,7400,7400000,printer,0x0,0,TASK
traceTASK_SWITCHED_IN,7403,7403000,printer,0x0,0,TASK
EVT_QUEUE_SEND,7410,7410000,printer,0x3ffb7f8c,0,TASK
EVT_QUEUE_SEND,7410,7410000,printer,0x3ffb68cc,0,TASK
traceTASK_SWITCHED_OUT,7410,7410000,printer,0x0,0,TASK
traceTASK_SWITCHED_IN,7410,7410000,Bus,0x0,0,TASK
EVT_TASK_DELAY_UNTIL,7410,7410000,Bus,0x0,7600,TASK
traceTASK_SWITCHED_OUT,7410,7410000,Bus,0x0,0,TASK
traceTASK_SWITCHED_IN,7506,7506000,Cycle,0x0,0,TASK
EVT_QUEUE_SEND,7506,7506000,Cycle,0x3ffd14e0,0,TASK
traceTASK_SWITCHED_OUT,7506,7506000,Cycle,0x0,0,TASK
traceTASK_SWITCHED_IN,7506,7506000,printer,0x0,0,TASK
EVT_QUEUE_RECEIVE,7506,7506000,printer,0x3ffd14e0,0,TASK
EVT_QUEUE_SEND,7506,7506000,printer,0x3ffb6a9c,0,TASK
traceTASK_SWITCHED_OUT,7506,7506000,printer,0x0,0,TASK
traceTASK_SWITCHED_IN,7509,7509000,printer,0x0,0,TASK
EVT_QUEUE_SEND,7515,7515000,printer,0x3ffb7f8c,0,TASK
EVT_QUEUE_SEND,7515,7515000,printer,0x3ffb68cc,0,TASK
traceTASK_SWITCHED_OUT,7515,7515000,printer,0x0,0,TASK
traceTASK_SWITCHED_IN,7515,7515000,Cycle,0x0,0,TASK
EVT_TASK_DELAY_UNTIL,7515,7515000,Cycle,0x0,7806,TASK
traceTASK_SWITCHED_OUT,7515,7515000,Cycle,0x0,0,TASK
traceTASK_SWITCHED_IN,7600,7600000,Bus,0x0,0,TASK
EVT_QUEUE_SEND,7600,7600000,Bus,0x3ffd14e0,0,TASK
traceTASK_SWITCHED_OUT,7600,7600000,Bus,0x0,0,TASK
traceTASK_SWITCHED_IN,7600,7600000,printer,0x0,0,TASK
EVT_QUEUE_RECEIVE,7600,7600000,printer,0x3ffd14e0,0,TASK
EVT_QUEUE_SEND,7600,7600000,printer,0x3ffb6a9c,0,TASK
traceTASK_SWITCHED_OUT,7600,7600000,printer,0x0,0,TASK
traceTASK_SWITCHED_IN,7601,7601000,printer,0x0,0,TASK
EVT_QUEUE_SEND,7607,7607000,printer,0x3ffb7f8c,0,TASK
EVT_QUEUE_SEND,7607,7607000,printer,0x3ffb68cc,0,TASK
traceTASK_SWITCHED_OUT,7607,7607000,printer,0x0,0,TASK
traceTASK_SWITCHED_IN,7607,7607000,Bus,0x0,0,TASK
EVT_TASK_DELAY_UNTIL,7607,7607000,Bus,0x0,7800,TASK
traceTASK_SWITCHED_OUT,7607,7607000,Bus,0x0,0,TASK
traceTASK_SWITCHED_IN,7753,7753000,IDLE,0x0,0,TASK
traceTASK_SWITCHED_OUT,7800,7800000,IDLE,0x0,0,TASK
traceTASK_SWITCHED_IN,7800,7800000,Bus,0x0,0,TASK
EVT_QUEUE_SEND,7800,7800000,Bus,0x3ffd14e0,0,TASK
traceTASK_SWITCHED_OUT,7800,7800000,Bus,0x0,0,TASK
traceTASK_SWITCHED_IN,7800,7800000,printer,0x0,0,TASK
EVT_QUEUE_RECEIVE,7800,7800000,printer,0x3ffd14e0,0,TASK
EVT_QUEUE_SEND,7800,7800000,printer,0x3ffb6a9c,0,TASK
EVT_QUEUE_SEND,7800,7800000,printer,0x3ffb7f8c,0,TASK
EVT_QUEUE_SEND,7800,7800000,printer,0x3ffb68cc,0,TASK
traceTASK_SWITCHED_OUT,7800,7800000,printer,0x0,0,TASK
traceTASK_SWITCHED_IN,7800,7800000,Bus,0x0,0,TASK
EVT_TASK_DELAY_UNTIL,7800,7800000,Bus,0x0,8000,TASK
traceTASK_SWITCHED_OUT,7800,7800000,Bus,0x0,0,TASK
traceTASK_SWITCHED_IN,7800,7800000,IDLE,0x0,0,TASK
traceTASK_SWITCHED_OUT,7806,7806000,IDLE,0x0,0,TASK
traceTASK_SWITCHED_IN,7806,7806000,Cycle,0x0,0,TASK
EVT_QUEUE_SEND,7806,7806000,Cycle,0x3ffd14e0,0,TASK
traceTASK_SWITCHED_OUT,7806,7806000,Cycle,0x0,0,TASK
traceTASK_SWITCHED_IN,7806,7806000,printer,0x0,0,TASK
EVT_QUEUE_RECEIVE,7806,7806000,printer,0x3ffd14e0,0,TASK
EVT_QUEUE_SEND,7806,7806000,printer,0x3ffb6a9c,0,TASK
EVT_QUEUE_SEND,7806,7806000,printer,0x3ffb7f8c,0,TASK
EVT_QUEUE_SEND,7806,7806000,printer,0x3ffb68cc,0,TASK
traceTASK_SWITCHED_OUT,7806,7806000,printer,0x0,0,TASK
traceTASK_SWITCHED_IN,7806,7806000,Cycle,0x0,0,TASK
EVT_TASK_DELAY_UNTIL,7806,7806000,Cycle,0x0,8106,TASK
traceTASK_SWITCHED_OUT,7806,7806000,Cycle,0x0,0,TASK
traceTASK_SWITCHED_IN,7806,7806000,IDLE,0x0,0,TASK
traceTASK_SWITCHED_OUT,8000,8000000,IDLE,0x0,0,TASK
traceTASK_SWITCHED_IN,8000,8000000,Bus,0x0,0,TASK
EVT_QUEUE_SEND,8000,8000000,Bus,0x3ffd14e0,0,TASK
traceTASK_SWITCHED_OUT,8000,8000000,Bus,0x0,0,TASK
traceTASK_SWITCHED_IN,8000,8000000,printer,0x0,0,TASK
EVT_QUEUE_RECEIVE,8000,8000000,printer,0x3ffd14e0,0,TASK
EVT_QUEUE_SEND,8000,8000000,printer,0x3ffb6a9c,0,TASK
EVT_QUEUE_SEND,8000,8000000,printer,0x3ffb7f8c,0,TASK
EVT_QUEUE_SEND,8000,8000000,printer,0x3ffb68cc,0,TASK
traceTASK_SWITCHED_OUT,8000,8000000,printer,0x0,0,TASK
traceTASK_SWITCHED_IN,8000,8000000,Bus,0x0,0,TASK
EVT_TASK_DELAY_UNTIL,8000,8000000,Bus,0x0,8200,TASK
traceTASK_SWITCHED_OUT,8000,8000000,Bus,0x0,0,TASK
traceTASK_SWITCHED_IN,8000,8000000,IDLE,0x0,0,TASK
traceTASK_SWITCHED_OUT,8106,8106000,IDLE,0x0,0,TASK
traceTASK_SWITCHED_IN,8106,8106000,Cycle,0x0,0,TASK
EVT_QUEUE_SEND,8106,8106000,Cycle,0x3ffd14e0,0,TASK
traceTASK_SWITCHED_OUT,8106,8106000,Cycle,0x0,0,TASK
traceTASK_SWITCHED_IN,8106,8106000,printer,0x0,0,TASK
EVT_QUEUE_RECEIVE,8106,8106000,printer,0x3ffd14e0,0,TASK
EVT_QUEUE_SEND,8106,8106000,printer,0x3ffb6a9c,0,TASK
EVT_QUEUE_SEND,8106,8106000,printer,0x3ffb7f8c,0,TASK
EVT_QUEUE_SEND,8106,8106000,printer,0x3ffb68cc,0,TASK
traceTASK_SWITCHED_OUT,8106,8106000,printer,0x0,0,TASK
traceTASK_SWITCHED_IN,8106,8106000,Cycle,0x0,0,TASK
EVT_TASK_DELAY_UNTIL,8106,8106000,Cycle,0x0,8406,TASK
traceTASK_SWITCHED_OUT,8106,8106000,Cycle,0x0,0,TASK
traceTASK_SWITCHED_IN,8106,8106000,IDLE,0x0,0,TASK
traceTASK_SWITCHED_OUT,8200,8200000,IDLE,0x0,0,TASK
traceTASK_SWITCHED_IN,8200,8200000,Bus,0x0,0,TASK
EVT_QUEUE_SEND,8200,8200000,Bus,0x3ffd14e0,0,TASK
traceTASK_SWITCHED_OUT,8200,8200000,Bus,0x0,0,TASK
traceTASK_SWITCHED_IN,8200,8200000,printer,0x0,0,TASK
EVT_QUEUE_RECEIVE,8200,8200000,printer,0x3ffd14e0,0,TASK
EVT_QUEUE_SEND,8200,8200000,printer,0x3ffb6a9c,0,TASK
EVT_QUEUE_SEND,8200,8200000,printer,0x3ffb7f8c,0,TASK
EVT_QUEUE_SEND,8200,8200000,printer,0x3ffb68cc,0,TASK
traceTASK_SWITCHED_OUT,8200,8200000,printer,0x0,0,TASK
traceTASK_SWITCHED_IN,8200,8200000,Bus,0x0,0,TASK
EVT_TASK_DELAY_UNTIL,8200,8200000,Bus,0x0,8400,TASK
traceTASK_SWITCHED_OUT,8200,8200000,Bus,0x0,0,TASK
traceTASK_SWITCHED_IN,8200,8200000,IDLE,0x0,0,TASK
traceTASK_SWITCHED_OUT,8400,8400000,IDLE,0x0,0,TASK
traceTASK_SWITCHED_IN,8400,8400000,Bus,0x0,0,TASK
EVT_QUEUE_SEND,8400,8400000,Bus,0x3ffd14e0,0,TASK
traceTASK_SWITCHED_OUT,8400,8400000,Bus,0x0,0,TASK
traceTASK_SWITCHED_IN,8400,8400000,printer,0x0,0,TASK
EVT_QUEUE_RECEIVE,8400,8400000,printer,0x3ffd14e0,0,TASK
EVT_QUEUE_SEND,8400,8400000,printer,0x3ffb6a9c,0,TASK
EVT_QUEUE_SEND,8400,8400000,printer,0x3ffb7f8c,0,TASK
EVT_QUEUE_SEND,8400,8400000,printer,0x3ffb68cc,0,TASK
traceTASK_SWITCHED_OUT,8400,8400000,printer,0x0,0,TASK
traceTASK_SWITCHED_IN,8400,8400000,Bus,0x0,0,TASK
EVT_TASK_DELAY_UNTIL,8400,8400000,Bus,0x0,8600,TASK
traceTASK_SWITCHED_OUT,8400,8400000,Bus,0x0,0,TASK
traceTASK_SWITCHED_IN,8400,8400000,IDLE,0x0,0,TASK
traceTASK_SWITCHED_OUT,8406,8406000,IDLE,0x0,0,TASK
traceTASK_SWITCHED_IN,8406,8406000,Cycle,0x0,0,TASK
EVT_QUEUE_SEND,8406,8406000,Cycle,0x3ffd14e0,0,TASK
traceTASK_SWITCHED_OUT,8406,8406000,Cycle,0x0,0,TASK
traceTASK_SWITCHED_IN,8406,8406000,printer,0x0,0,TASK
EVT_QUEUE_RECEIVE,8406,8406000,printer,0x3ffd14e0,0,TASK
EVT_QUEUE_SEND,8406,8406000,printer,0x3ffb6a9c,0,TASK
EVT_QUEUE_SEND,8406,8406000,printer,0x3ffb7f8c,0,TASK
EVT_QUEUE_SEND,8406,8406000,printer,0x3ffb68cc,0,TASK
traceTASK_SWITCHED_OUT,8406,8406000,printer,0x0,0,TASK
traceTASK_SWITCHED_IN,8406,8406000,Cycle,0x0,0,TASK
EVT_TASK_DELAY_UNTIL,8406,8406000,Cycle,0x0,8706,TASK
traceTASK_SWITCHED_OUT,8406,8406000,Cycle,0x0,0,TASK
traceTASK_SWITCHED_IN,8406,8406000,IDLE,0x0,0,TASK
traceTASK_SWITCHED_OUT,8600,8600000,IDLE,0x0,0,TASK
traceTASK_SWITCHED_IN,8600,8600000,Bus,0x0,0,TASK
EVT_QUEUE_SEND,8600,8600000,Bus,0x3ffd14e0,0,TASK
traceTASK_SWITCHED_OUT,8600,8600000,Bus,0x0,0,TASK
traceTASK_SWITCHED_IN,8600,8600000,printer,0x0,0,TASK
EVT_QUEUE_RECEIVE,8600,8600000,printer,0x3ffd14e0,0,TASK
EVT_QUEUE_SEND,8600,8600000,printer,0x3ffb6a9c,0,TASK
EVT_QUEUE_SEND,8600,8600000,printer,0x3ffb7f8c,0,TASK
EVT_QUEUE_SEND,8600,8600000,printer,0x3ffb68cc,0,TASK
traceTASK_SWITCHED_OUT,8600,8600000,printer,0x0,0,TASK
traceTASK_SWITCHED_IN,8600,8600000,Bus,0x0,0,TASK
EVT_TASK_DELAY_UNTIL,8600,8600000,Bus,0x0,8800,TASK
traceTASK_SWITCHED_OUT,8600,8600000,Bus,0x0,0,TASK
traceTASK_SWITCHED_IN,8600,8600000,IDLE,0x0,0,TASK
traceTASK_SWITCHED_OUT,8706,8706000,IDLE,0x0,0,TASK
traceTASK_SWITCHED_IN,8706,8706000,Cycle,0x0,0,TASK
EVT_QUEUE_SEND,8706,8706000,Cycle,0x3ffd14e0,0,TASK
traceTASK_SWITCHED_OUT,8706,8706000,Cycle,0x0,0,TASK
traceTASK_SWITCHED_IN,8706,8706000,printer,0x0,0,TASK
EVT_QUEUE_RECEIVE,8706,8706000,printer,0x3ffd14e0,0,TASK
EVT_QUEUE_SEND,8706,8706000,printer,0x3ffb6a9c,0,TASK
EVT_QUEUE_SEND,8706,8706000,printer,0x3ffb7f8c,0,TASK
EVT_QUEUE_SEND,8706,8706000,printer,0x3ffb68cc,0,TASK
traceTASK_SWITCHED_OUT,8706,8706000,printer,0x0,0,TASK
traceTASK_SWITCHED_IN,8706,8706000,Cycle,0x0,0,TASK
EVT_TASK_DELAY_UNTIL,8706,8706000,Cycle,0x0,9006,TASK
traceTASK_SWITCHED_OUT,8706,8706000,Cycle,0x0,0,TASK
traceTASK_SWITCHED_IN,8706,8706000,IDLE,0x0,0,TASK
traceTASK_SWITCHED_OUT,8800,8800000,IDLE,0x0,0,TASK
traceTASK_SWITCHED_IN,8800,8800000,Bus,0x0,0,TASK
EVT_QUEUE_SEND,8800,8800000,Bus,0x3ffd14e0,0,TASK
traceTASK_SWITCHED_OUT,8800,8800000,Bus,0x0,0,TASK
traceTASK_SWITCHED_IN,8800,8800000,printer,0x0,0,TASK
EVT_QUEUE_RECEIVE,8800,8800000,printer,0x3ffd14e0,0,TASK
EVT_QUEUE_SEND,8800,8800000,printer,0x3ffb6a9c,0,TASK
EVT_QUEUE_SEND,8800,8800000,printer,0x3ffb7f8c,0,TASK
EVT_QUEUE_SEND,8800,8800000,printer,0x3ffb68cc,0,TASK
traceTASK_SWITCHED_OUT,8800,8800000,printer,0x0,0,TASK
traceTASK_SWITCHED_IN,8800,8800000,Bus,0x0,0,TASK
EVT_TASK_DELAY_UNTIL,8800,8800000,Bus,0x0,9000,TASK
traceTASK_SWITCHED_OUT,8800,8800000,Bus,0x0,0,TASK
traceTASK_SWITCHED_IN,8800,8800000,IDLE,0x0,0,TASK
traceTASK_SWITCHED_OUT,9000,9000000,IDLE,0x0,0,TASK
traceTASK_SWITCHED_IN,9000,9000000,Bus,0x0,0,TASK
EVT_QUEUE_SEND,9000,9000000,Bus,0x3ffd14e0,0,TASK
traceTASK_SWITCHED_OUT,9000,9000000,Bus,0x0,0,TASK
traceTASK_SWITCHED_IN,9000,9000000,printer,0x0,0,TASK
EVT_QUEUE_RECEIVE,9000,9000000,printer,0x3ffd14e0,0,TASK
EVT_QUEUE_SEND,9000,9000000,printer,0x3ffb6a9c,0,TASK
EVT_QUEUE_SEND,9000,9000000,printer,0x3ffb7f8c,0,TASK
EVT_QUEUE_SEND,9000,9000000,printer,0x3ffb68cc,0,TASK
traceTASK_SWITCHED_OUT,9000,9000000,printer,0x0,0,TASK
traceTASK_SWITCHED_IN,9000,9000000,Bus,0x0,0,TASK
EVT_TASK_DELAY_UNTIL,9000,9000000,Bus,0x0,9200,TASK
traceTASK_SWITCHED_OUT,9000,9000000,Bus,0x0,0,TASK
traceTASK_SWITCHED_IN,9000,9000000,IDLE,0x0,0,TASK
traceTASK_SWITCHED_OUT,9006,9006000,IDLE,0x0,0,TASK
traceTASK_SWITCHED_IN,9006,9006000,Cycle,0x0,0,TASK
EVT_QUEUE_SEND,9006,9006000,Cycle,0x3ffd14e0,0,TASK
traceTASK_SWITCHED_OUT,9006,9006000,Cycle,0x0,0,TASK
traceTASK_SWITCHED_IN,9006,9006000,printer,0x0,0,TASK
EVT_QUEUE_RECEIVE,9006,9006000,printer,0x3ffd14e0,0,TASK
EVT_QUEUE_SEND,9006,9006000,printer,0x3ffb6a9c,0,TASK
EVT_QUEUE_SEND,9006,9006000,printer,0x3ffb7f8c,0,TASK
EVT_QUEUE_SEND,9006,9006000,printer,0x3ffb68cc,0,TASK
traceTASK_SWITCHED_OUT,9006,9006000,printer,0x0,0,TASK
traceTASK_SWITCHED_IN,9006,9006000,Cycle,0x0,0,TASK
EVT_TASK_DELAY_UNTIL,9006,9006000,Cycle,0x0,9306,TASK
traceTASK_SWITCHED_OUT,9006,9006000,Cycle,0x0,0,TASK
traceTASK_SWITCHED_IN,9006,9006000,IDLE,0x0,0,TASK
traceTASK_SWITCHED_OUT,9200,9200000,IDLE,0x0,0,TASK
traceTASK_SWITCHED_IN,9200,9200000,Bus,0x0,0,TASK
EVT_QUEUE_SEND,9200,9200000,Bus,0x3ffd14e0,0,TASK
traceTASK_SWITCHED_OUT,9200,9200000,Bus,0x0,0,TASK
traceTASK_SWITCHED_IN,9200,9200000,printer,0x0,0,TASK
EVT_QUEUE_RECEIVE,9200,9200000,printer,0x3ffd14e0,0,TASK
EVT_QUEUE_SEND,9200,9200000,printer,0x3ffb6a9c,0,TASK
EVT_QUEUE_SEND,9200,9200000,printer,0x3ffb7f8c,0,TASK
EVT_QUEUE_SEND,9200,9200000,printer,0x3ffb68cc,0,TASK
traceTASK_SWITCHED_OUT,9200,9200000,printer,0x0,0,TASK
traceTASK_SWITCHED_IN,9200,9200000,Bus,0x0,0,TASK
EVT_TASK_DELAY_UNTIL,9200,9200000,Bus,0x0,9400,TASK
traceTASK_SWITCHED_OUT,9200,9200000,Bus,0x0,0,TASK
traceTASK_SWITCHED_IN,9200,9200000,IDLE,0x0,0,TASK
traceTASK_SWITCHED_OUT,9306,9306000,IDLE,0x0,0,TASK
traceTASK_SWITCHED_IN,9306,9306000,Cycle,0x0,0,TASK
EVT_QUEUE_SEND,9306,9306000,Cycle,0x3ffd14e0,0,TASK
traceTASK_SWITCHED_OUT,9306,9306000,Cycle,0x0,0,TASK
traceTASK_SWITCHED_IN,9306,9306000,printer,0x0,0,TASK
EVT_QUEUE_RECEIVE,9306,9306000,printer,0x3ffd14e0,0,TASK
EVT_QUEUE_SEND,9306,9306000,printer,0x3ffb6a9c,0,TASK
EVT_QUEUE_SEND,9306,9306000,printer,0x3ffb7f8c,0,TASK
EVT_QUEUE_SEND,9306,9306000,printer,0x3ffb68cc,0,TASK
traceTASK_SWITCHED_OUT,9306,9306000,printer,0x0,0,TASK
traceTASK_SWITCHED_IN,9306,9306000,Cycle,0x0,0,TASK
EVT_TASK_DELAY_UNTIL,9306,9306000,Cycle,0x0,9606,TASK
traceTASK_SWITCHED_OUT,9306,9306000,Cycle,0x0,0,TASK
traceTASK_SWITCHED_IN,9306,9306000,IDLE,0x0,0,TASK
traceTASK_SWITCHED_OUT,9400,9400000,IDLE,0x0,0,TASK
traceTASK_SWITCHED_IN,9400,9400000,Bus,0x0,0,TASK
EVT_QUEUE_SEND,9400,9400000,Bus,0x3ffd14e0,0,TASK
traceTASK_SWITCHED_OUT,9400,9400000,Bus,0x0,0,TASK
traceTASK_SWITCHED_IN,9400,9400000,printer,0x0,0,TASK
EVT_QUEUE_RECEIVE,9400,9400000,printer,0x3ffd14e0,0,TASK
EVT_QUEUE_SEND,9400,9400000,printer,0x3ffb6a9c,0,TASK
EVT_QUEUE_SEND,9400,9400000,printer,0x3ffb7f8c,0,TASK
EVT_QUEUE_SEND,9400,9400000,printer,0x3ffb68cc,0,TASK
traceTASK_SWITCHED_OUT,9400,9400000,printer,0x0,0,TASK
traceTASK_SWITCHED_IN,9400,9400000,Bus,0x0,0,TASK
EVT_TASK_DELAY_UNTIL,9400,9400000,Bus,0x0,9600,TASK
traceTASK_SWITCHED_OUT,9400,9400000,Bus,0x0,0,TASK
traceTASK_SWITCHED_IN,9400,9400000,IDLE,0x0,0,TASK
traceTASK_SWITCHED_OUT,9600,9600000,IDLE,0x0,0,TASK
traceTASK_SWITCHED_IN,9600,9600000,Bus,0x0,0,TASK
EVT_QUEUE_SEND,9600,9600000,Bus,0x3ffd14e0,0,TASK
traceTASK_SWITCHED_OUT,9600,9600000,Bus,0x0,0,TASK
traceTASK_SWITCHED_IN,9600,9600000,printer,0x0,0,TASK
EVT_QUEUE_RECEIVE,9600,9600000,printer,0x3ffd14e0,0,TASK
EVT_QUEUE_SEND,9600,9600000,printer,0x3ffb6a9c,0,TASK
EVT_QUEUE_SEND,9600,9600000,printer,0x3ffb7f8c,0,TASK
EVT_QUEUE_SEND,9600,9600000,printer,0x3ffb68cc,0,TASK
traceTASK_SWITCHED_OUT,9600,9600000,printer,0x0,0,TASK
traceTASK_SWITCHED_IN,9600,9600000,Bus,0x0,0,TASK
EVT_TASK_DELAY_UNTIL,9600,9600000,Bus,0x0,9800,TASK
traceTASK_SWITCHED_OUT,9600,9600000,Bus,0x0,0,TASK
traceTASK_SWITCHED_IN,9600,9600000,IDLE,0x0,0,TASK
traceTASK_SWITCHED_OUT,9606,9606000,IDLE,0x0,0,TASK
traceTASK_SWITCHED_IN,9606,9606000,Cycle,0x0,0,TASK
EVT_QUEUE_SEND,9606,9606000,Cycle,0x3ffd14e0,0,TASK
traceTASK_SWITCHED_OUT,9606,9606000,Cycle,0x0,0,TASK
traceTASK_SWITCHED_IN,9606,9606000,printer,0x0,0,TASK
EVT_QUEUE_RECEIVE,9606,9606000,printer,0x3ffd14e0,0,TASK
EVT_QUEUE_SEND,9606,9606000,printer,0x3ffb6a9c,0,TASK
EVT_QUEUE_SEND,9606,9606000,printer,0x3ffb7f8c,0,TASK
EVT_QUEUE_SEND,9606,9606000,printer,0x3ffb68cc,0,TASK
traceTASK_SWITCHED_OUT,9606,9606000,printer,0x0,0,TASK
traceTASK_SWITCHED_IN,9606,9606000,Cycle,0x0,0,TASK
EVT_TASK_DELAY_UNTIL,9606,9606000,Cycle,0x0,9906,TASK
traceTASK_SWITCHED_OUT,9606,9606000,Cycle,0x0,0,TASK
traceTASK_SWITCHED_IN,9606,9606000,IDLE,0x0,0,TASK
traceTASK_SWITCHED_OUT,9800,9800000,IDLE,0x0,0,TASK
traceTASK_SWITCHED_IN,9800,9800000,Bus,0x0,0,TASK
EVT_QUEUE_SEND,9800,9800000,Bus,0x3ffd14e0,0,TASK
traceTASK_SWITCHED_OUT,9800,9800000,Bus,0x0,0,TASK
traceTASK_SWITCHED_IN,9800,9800000,printer,0x0,0,TASK
EVT_QUEUE_RECEIVE,9800,9800000,printer,0x3ffd14e0,0,TASK
EVT_QUEUE_SEND,9800,9800000,printer,0x3ffb6a9c,0,TASK
EVT_QUEUE_SEND,9800,9800000,printer,0x3ffb7f8c,0,TASK
EVT_QUEUE_SEND,9800,9800000,printer,0x3ffb68cc,0,TASK
traceTASK_SWITCHED_OUT,9800,9800000,printer,0x0,0,TASK
traceTASK_SWITCHED_IN,9800,9800000,Bus,0x0,0,TASK
EVT_TASK_DELAY_UNTIL,9800,9800000,Bus,0x0,10000,TASK
traceTASK_SWITCHED_OUT,9800,9800000,Bus,0x0,0,TASK
traceTASK_SWITCHED_IN,9800,9800000,IDLE,0x0,0,TASK
traceTASK_SWITCHED_OUT,9906,9906000,IDLE,0x0,0,TASK
traceTASK_SWITCHED_IN,9906,9906000,Cycle,0x0,0,TASK
EVT_QUEUE_SEND,9906,9906000,Cycle,0x3ffd14e0,0,TASK
traceTASK_SWITCHED_OUT,9906,9906000,Cycle,0x0,0,TASK
traceTASK_SWITCHED_IN,9906,9906000,printer,0x0,0,TASK
EVT_QUEUE_RECEIVE,9906,9906000,printer,0x3ffd14e0,0,TASK
EVT_QUEUE_SEND,9906,9906000,printer,0x3ffb6a9c,0,TASK
EVT_QUEUE_SEND,9906,9906000,printer,0x3ffb7f8c,0,TASK
EVT_QUEUE_SEND,9906,9906000,printer,0x3ffb68cc,0,TASK
traceTASK_SWITCHED_OUT,9906,9906000,printer,0x0,0,TASK
traceTASK_SWITCHED_IN,9906,9906000,Cycle,0x0,0,TASK
EVT_TASK_DELAY_UNTIL,9906,9906000,Cycle,0x0,10206,TASK
traceTASK_SWITCHED_OUT,9906,9906000,Cycle,0x0,0,TASK
traceTASK_SWITCHED_IN,9906,9906000,IDLE,0x0,0,TASK
traceTASK_SWITCHED_OUT,10000,10000000,IDLE,0x0,0,TASK
traceTASK_SWITCHED_IN,10000,10000000,Killer,0x0,0,TASK
EVT_QUEUE_SEND,10000,10000000,Killer,0x3ffb6a9c,0,TASK
EVT_QUEUE_SEND,10000,10000000,Killer,0x3ffb7f8c,0,TASK
EVT_QUEUE_SEND,10000,10000000,Killer,0x3ffb68cc,0,TASK
EVT_TASK_DELETE,10000,10000000,Killer,Bus,0,TASK
EVT_TASK_DELETE,10000,10000000,Killer,Cycle,0,TASK
EVT_TASK_DELETE,10000,10000000,Killer,printer,0,TASK
EVT_QUEUE_SEND,10000,10000000,Killer,0x3ffb6a9c,0,TASK
EVT_QUEUE_SEND,10000,10000000,Killer,0x3ffb7f8c,0,TASK
EVT_QUEUE_SEND,10000,10000000,Killer,0x3ffb68cc,0,TASK
EVT_TASK_DELETE,10000,10000000,Killer,Killer,0,TASK
traceTASK_SWITCHED_OUT,10000,10000000,Killer,0x0,0,TASK
traceTASK_SWITCHED_IN,10000,10000000,IDLE,0x0,0,TASK
traceTASK_SWITCHED_OUT,10753,10753000,IDLE,0x0,0,TASK
