eventtype,tick,timestamp,taskid,object,value,src,raw_line
EVT_TASK_CREATE,0,0,esp_timer,0x3ffbc70c,0,TASK,"EVT_TASK_CREATE,0,0,esp_timer,0x3ffbc70c,0,TASK"
EVT_TASK_CREATE,0,0,esp_timer,0x3ffbc860,0,TASK,"EVT_TASK_CREATE,0,0,esp_timer,0x3ffbc860,0,TASK"
EVT_TASK_CREATE,0,0,esp_timer,0x3ffbd9b8,0,TASK,"EVT_TASK_CREATE,0,0,esp_timer,0x3ffbd9b8,0,TASK"
EVT_TASK_CREATE,0,0,esp_timer,0x3ffcc814,0,TASK,"EVT_TASK_CREATE,0,0,esp_timer,0x3ffcc814,0,TASK"
EVT_TASK_CREATE,0,0,esp_timer,0x3ffcd96c,0,TASK,"EVT_TASK_CREATE,0,0,esp_timer,0x3ffcd96c,0,TASK"
EVT_TASK_CREATE,0,0,esp_timer,0x3ffce204,0,TASK,"EVT_TASK_CREATE,0,0,esp_timer,0x3ffce204,0,TASK"
traceTASK_SWITCHED_IN,0,0,esp_timer,0x0,0,TASK,"traceTASK_SWITCHED_IN,0,0,esp_timer,0x0,0,TASK"
traceTASK_SWITCHED_OUT,0,0,esp_timer,0x0,0,TASK,"traceTASK_SWITCHED_OUT,0,0,esp_timer,0x0,0,TASK"
traceTASK_SWITCHED_IN,0,0,esp_timer,0x0,0,TASK,"traceTASK_SWITCHED_IN,0,0,esp_timer,0x0,0,TASK"
traceTASK_SWITCHED_OUT,0,0,esp_timer,0x0,0,TASK,"traceTASK_SWITCHED_OUT,0,0,esp_timer,0x0,0,TASK"
traceTASK_SWITCHED_IN,0,0,Killer,0x0,0,TASK,"traceTASK_SWITCHED_IN,0,0,Killer,0x0,0,TASK"
EVT_TASK_DELAY,0,0,Killer,0x0,1500,TASK,"EVT_TASK_DELAY,0,0,Killer,0x0,1500,TASK"
traceTASK_SWITCHED_OUT,0,0,Killer,0x0,0,TASK,"traceTASK_SWITCHED_OUT,0,0,Killer,0x0,0,TASK"
traceTASK_SWITCHED_IN,0,0,printer,0x0,0,TASK,"traceTASK_SWITCHED_IN,0,0,printer,0x0,0,TASK"
traceTASK_SWITCHED_OUT,0,0,printer,0x0,0,TASK,"traceTASK_SWITCHED_OUT,0,0,printer,0x0,0,TASK"
traceTASK_SWITCHED_IN,0,0,Bus,0x0,0,TASK,"traceTASK_SWITCHED_IN,0,0,Bus,0x0,0,TASK"
EVT_QUEUE_SEND,0,0,Bus,0x3ffb9d04,0,TASK,"EVT_QUEUE_SEND,0,0,Bus,0x3ffb9d04,0,TASK"
traceTASK_SWITCHED_OUT,0,0,Bus,0x0,0,TASK,"traceTASK_SWITCHED_OUT,0,0,Bus,0x0,0,TASK"
traceTASK_SWITCHED_IN,0,0,printer,0x0,0,TASK,"traceTASK_SWITCHED_IN,0,0,printer,0x0,0,TASK"
EVT_QUEUE_RECEIVE,0,0,printer,0x3ffb9d04,0,TASK,"EVT_QUEUE_RECEIVE,0,0,printer,0x3ffb9d04,0,TASK"
EVT_QUEUE_SEND,0,0,printer,0x3ffb6a9c,0,TASK,"EVT_QUEUE_SEND,0,0,printer,0x3ffb6a9c,0,TASK"
EVT_QUEUE_SEND,0,0,printer,0x3ffb7f7c,0,TASK,"EVT_QUEUE_SEND,0,0,printer,0x3ffb7f7c,0,TASK"
EVT_QUEUE_SEND,6,6000,printer,0x3ffb7f7c,0,TASK,"EVT_QUEUE_SEND,6,6000,printer,0x3ffb7f7c,0,TASK"
EVT_QUEUE_SEND,6,6000,printer,0x3ffb68cc,0,TASK,"EVT_QUEUE_SEND,6,6000,printer,0x3ffb68cc,0,TASK"
traceTASK_SWITCHED_OUT,6,6000,printer,0x0,0,TASK,"traceTASK_SWITCHED_OUT,6,6000,printer,0x0,0,TASK"
traceTASK_SWITCHED_IN,6,6000,Cycle,0x0,0,TASK,"traceTASK_SWITCHED_IN,6,6000,Cycle,0x0,0,TASK"
EVT_QUEUE_SEND,6,6000,Cycle,0x3ffb9d04,0,TASK,"EVT_QUEUE_SEND,6,6000,Cycle,0x3ffb9d04,0,TASK"
traceTASK_SWITCHED_OUT,6,6000,Cycle,0x0,0,TASK,"traceTASK_SWITCHED_OUT,6,6000,Cycle,0x0,0,TASK"
traceTASK_SWITCHED_IN,6,6000,printer,0x0,0,TASK,"traceTASK_SWITCHED_IN,6,6000,printer,0x0,0,TASK"
EVT_QUEUE_RECEIVE,6,6000,printer,0x3ffb9d04,0,TASK,"EVT_QUEUE_RECEIVE,6,6000,printer,0x3ffb9d04,0,TASK"
EVT_QUEUE_SEND,6,6000,printer,0x3ffb6a9c,0,TASK,"EVT_QUEUE_SEND,6,6000,printer,0x3ffb6a9c,0,TASK"
EVT_QUEUE_SEND,12,12000,printer,0x3ffb7f7c,0,TASK,"EVT_QUEUE_SEND,12,12000,printer,0x3ffb7f7c,0,TASK"
EVT_QUEUE_SEND,12,12000,printer,0x3ffb68cc,0,TASK,"EVT_QUEUE_SEND,12,12000,printer,0x3ffb68cc,0,TASK"
traceTASK_SWITCHED_OUT,12,12000,printer,0x0,0,TASK,"traceTASK_SWITCHED_OUT,12,12000,printer,0x0,0,TASK"
traceTASK_SWITCHED_IN,12,12000,Bus,0x0,0,TASK,"traceTASK_SWITCHED_IN,12,12000,Bus,0x0,0,TASK"
EVT_QUEUE_SEND,12,12000,Bus,0x3ffb6a9c,0,TASK,"EVT_QUEUE_SEND,12,12000,Bus,0x3ffb6a9c,0,TASK"
traceTASK_SWITCHED_OUT,13,13000,Bus,0x0,0,TASK,"traceTASK_SWITCHED_OUT,13,13000,Bus,0x0,0,TASK"
traceTASK_SWITCHED_IN,13,13000,Cycle,0x0,0,TASK,"traceTASK_SWITCHED_IN,13,13000,Cycle,0x0,0,TASK"
EVT_QUEUE_SEND,13,13000,Cycle,0x3ffb6a9c,0,TASK,"EVT_QUEUE_SEND,13,13000,Cycle,0x3ffb6a9c,0,TASK"
traceTASK_SWITCHED_OUT,13,13000,Cycle,0x0,0,TASK,"traceTASK_SWITCHED_OUT,13,13000,Cycle,0x0,0,TASK"
traceTASK_SWITCHED_IN,13,13000,Bus,0x0,0,TASK,"traceTASK_SWITCHED_IN,13,13000,Bus,0x0,0,TASK"
EVT_QUEUE_SEND,16,16000,Bus,0x3ffb7f7c,0,TASK,"EVT_QUEUE_SEND,16,16000,Bus,0x3ffb7f7c,0,TASK"
EVT_QUEUE_SEND,16,16000,Bus,0x3ffb68cc,0,TASK,"EVT_QUEUE_SEND,16,16000,Bus,0x3ffb68cc,0,TASK"
EVT_TASK_DELAY_UNTIL,16,16000,Bus,0x0,200,TASK,"EVT_TASK_DELAY_UNTIL,16,16000,Bus,0x0,200,TASK"
traceTASK_SWITCHED_OUT,16,16000,Bus,0x0,0,TASK,"traceTASK_SWITCHED_OUT,16,16000,Bus,0x0,0,TASK"
traceTASK_SWITCHED_IN,16,16000,Cycle,0x0,0,TASK,"traceTASK_SWITCHED_IN,16,16000,Cycle,0x0,0,TASK"
EVT_QUEUE_SEND,20,20000,Cycle,0x3ffb7f7c,0,TASK,"EVT_QUEUE_SEND,20,20000,Cycle,0x3ffb7f7c,0,TASK"
EVT_QUEUE_SEND,20,20000,Cycle,0x3ffb68cc,0,TASK,"EVT_QUEUE_SEND,20,20000,Cycle,0x3ffb68cc,0,TASK"
EVT_TASK_DELAY_UNTIL,20,20000,Cycle,0x0,306,TASK,"EVT_TASK_DELAY_UNTIL,20,20000,Cycle,0x0,306,TASK"
traceTASK_SWITCHED_OUT,20,20000,Cycle,0x0,0,TASK,"traceTASK_SWITCHED_OUT,20,20000,Cycle,0x0,0,TASK"
traceTASK_SWITCHED_IN,20,20000,Flush,0x0,0,TASK,"traceTASK_SWITCHED_IN,20,20000,Flush,0x0,0,TASK"
traceTASK_SWITCHED_IN,20,20000,IDLE,0x0,0,TASK,"traceTASK_SWITCHED_IN,20,20000,IDLE,0x0,0,TASK"
traceTASK_SWITCHED_OUT,200,200000,IDLE,0x0,0,TASK,"traceTASK_SWITCHED_OUT,200,200000,IDLE,0x0,0,TASK"
traceTASK_SWITCHED_IN,200,200000,Bus,0x0,0,TASK,"traceTASK_SWITCHED_IN,200,200000,Bus,0x0,0,TASK"
EVT_QUEUE_SEND,200,200000,Bus,0x3ffb9d04,0,TASK,"EVT_QUEUE_SEND,200,200000,Bus,0x3ffb9d04,0,TASK"
traceTASK_SWITCHED_OUT,200,200000,Bus,0x0,0,TASK,"traceTASK_SWITCHED_OUT,200,200000,Bus,0x0,0,TASK"
traceTASK_SWITCHED_IN,200,200000,printer,0x0,0,TASK,"traceTASK_SWITCHED_IN,200,200000,printer,0x0,0,TASK"
EVT_QUEUE_RECEIVE,200,200000,printer,0x3ffb9d04,0,TASK,"EVT_QUEUE_RECEIVE,200,200000,printer,0x3ffb9d04,0,TASK"
EVT_QUEUE_SEND,200,200000,printer,0x3ffb6a9c,0,TASK,"EVT_QUEUE_SEND,200,200000,printer,0x3ffb6a9c,0,TASK"
EVT_QUEUE_SEND,200,200000,printer,0x3ffb7f7c,0,TASK,"EVT_QUEUE_SEND,200,200000,printer,0x3ffb7f7c,0,TASK"
EVT_QUEUE_SEND,200,200000,printer,0x3ffb68cc,0,TASK,"EVT_QUEUE_SEND,200,200000,printer,0x3ffb68cc,0,TASK"
traceTASK_SWITCHED_OUT,200,200000,printer,0x0,0,TASK,"traceTASK_SWITCHED_OUT,200,200000,printer,0x0,0,TASK"
traceTASK_SWITCHED_IN,200,200000,Bus,0x0,0,TASK,"traceTASK_SWITCHED_IN,200,200000,Bus,0x0,0,TASK"
EVT_QUEUE_SEND,200,200000,Bus,0x3ffb6a9c,0,TASK,"EVT_QUEUE_SEND,200,200000,Bus,0x3ffb6a9c,0,TASK"
EVT_QUEUE_SEND,200,200000,Bus,0x3ffb7f7c,0,TASK,"EVT_QUEUE_SEND,200,200000,Bus,0x3ffb7f7c,0,TASK"
EVT_QUEUE_SEND,200,200000,Bus,0x3ffb68cc,0,TASK,"EVT_QUEUE_SEND,200,200000,Bus,0x3ffb68cc,0,TASK"
EVT_TASK_DELAY_UNTIL,200,200000,Bus,0x0,400,TASK,"EVT_TASK_DELAY_UNTIL,200,200000,Bus,0x0,400,TASK"
traceTASK_SWITCHED_OUT,200,200000,Bus,0x0,0,TASK,"traceTASK_SWITCHED_OUT,200,200000,Bus,0x0,0,TASK"
traceTASK_SWITCHED_IN,200,200000,IDLE,0x0,0,TASK,"traceTASK_SWITCHED_IN,200,200000,IDLE,0x0,0,TASK"
traceTASK_SWITCHED_OUT,306,306000,IDLE,0x0,0,TASK,"traceTASK_SWITCHED_OUT,306,306000,IDLE,0x0,0,TASK"
traceTASK_SWITCHED_IN,306,306000,Cycle,0x0,0,TASK,"traceTASK_SWITCHED_IN,306,306000,Cycle,0x0,0,TASK"
EVT_QUEUE_SEND,306,306000,Cycle,0x3ffb9d04,0,TASK,"EVT_QUEUE_SEND,306,306000,Cycle,0x3ffb9d04,0,TASK"
traceTASK_SWITCHED_OUT,306,306000,Cycle,0x0,0,TASK,"traceTASK_SWITCHED_OUT,306,306000,Cycle,0x0,0,TASK"
traceTASK_SWITCHED_IN,306,306000,printer,0x0,0,TASK,"traceTASK_SWITCHED_IN,306,306000,printer,0x0,0,TASK"
EVT_QUEUE_RECEIVE,306,306000,printer,0x3ffb9d04,0,TASK,"EVT_QUEUE_RECEIVE,306,306000,printer,0x3ffb9d04,0,TASK"
EVT_QUEUE_SEND,306,306000,printer,0x3ffb6a9c,0,TASK,"EVT_QUEUE_SEND,306,306000,printer,0x3ffb6a9c,0,TASK"
EVT_QUEUE_SEND,306,306000,printer,0x3ffb7f7c,0,TASK,"EVT_QUEUE_SEND,306,306000,printer,0x3ffb7f7c,0,TASK"
EVT_QUEUE_SEND,306,306000,printer,0x3ffb68cc,0,TASK,"EVT_QUEUE_SEND,306,306000,printer,0x3ffb68cc,0,TASK"
traceTASK_SWITCHED_OUT,306,306000,printer,0x0,0,TASK,"traceTASK_SWITCHED_OUT,306,306000,printer,0x0,0,TASK"
traceTASK_SWITCHED_IN,306,306000,Cycle,0x0,0,TASK,"traceTASK_SWITCHED_IN,306,306000,Cycle,0x0,0,TASK"
EVT_QUEUE_SEND,306,306000,Cycle,0x3ffb6a9c,0,TASK,"EVT_QUEUE_SEND,306,306000,Cycle,0x3ffb6a9c,0,TASK"
EVT_QUEUE_SEND,306,306000,Cycle,0x3ffb7f7c,0,TASK,"EVT_QUEUE_SEND,306,306000,Cycle,0x3ffb7f7c,0,TASK"
EVT_QUEUE_SEND,306,306000,Cycle,0x3ffb68cc,0,TASK,"EVT_QUEUE_SEND,306,306000,Cycle,0x3ffb68cc,0,TASK"
EVT_TASK_DELAY_UNTIL,306,306000,Cycle,0x0,606,TASK,"EVT_TASK_DELAY_UNTIL,306,306000,Cycle,0x0,606,TASK"
traceTASK_SWITCHED_OUT,306,306000,Cycle,0x0,0,TASK,"traceTASK_SWITCHED_OUT,306,306000,Cycle,0x0,0,TASK"
traceTASK_SWITCHED_IN,306,306000,IDLE,0x0,0,TASK,"traceTASK_SWITCHED_IN,306,306000,IDLE,0x0,0,TASK"
traceTASK_SWITCHED_OUT,400,400000,IDLE,0x0,0,TASK,"traceTASK_SWITCHED_OUT,400,400000,IDLE,0x0,0,TASK"
traceTASK_SWITCHED_IN,400,400000,Bus,0x0,0,TASK,"traceTASK_SWITCHED_IN,400,400000,Bus,0x0,0,TASK"
EVT_QUEUE_SEND,400,400000,Bus,0x3ffb9d04,0,TASK,"EVT_QUEUE_SEND,400,400000,Bus,0x3ffb9d04,0,TASK"
traceTASK_SWITCHED_OUT,400,400000,Bus,0x0,0,TASK,"traceTASK_SWITCHED_OUT,400,400000,Bus,0x0,0,TASK"
traceTASK_SWITCHED_IN,400,400000,printer,0x0,0,TASK,"traceTASK_SWITCHED_IN,400,400000,printer,0x0,0,TASK"
EVT_QUEUE_RECEIVE,400,400000,printer,0x3ffb9d04,0,TASK,"EVT_QUEUE_RECEIVE,400,400000,printer,0x3ffb9d04,0,TASK"
EVT_QUEUE_SEND,400,400000,printer,0x3ffb6a9c,0,TASK,"EVT_QUEUE_SEND,400,400000,printer,0x3ffb6a9c,0,TASK"
EVT_QUEUE_SEND,400,400000,printer,0x3ffb7f7c,0,TASK,"EVT_QUEUE_SEND,400,400000,printer,0x3ffb7f7c,0,TASK"
EVT_QUEUE_SEND,400,400000,printer,0x3ffb68cc,0,TASK,"EVT_QUEUE_SEND,400,400000,printer,0x3ffb68cc,0,TASK"
traceTASK_SWITCHED_OUT,400,400000,printer,0x0,0,TASK,"traceTASK_SWITCHED_OUT,400,400000,printer,0x0,0,TASK"
traceTASK_SWITCHED_IN,400,400000,Bus,0x0,0,TASK,"traceTASK_SWITCHED_IN,400,400000,Bus,0x0,0,TASK"
EVT_QUEUE_SEND,400,400000,Bus,0x3ffb6a9c,0,TASK,"EVT_QUEUE_SEND,400,400000,Bus,0x3ffb6a9c,0,TASK"
EVT_QUEUE_SEND,400,400000,Bus,0x3ffb7f7c,0,TASK,"EVT_QUEUE_SEND,400,400000,Bus,0x3ffb7f7c,0,TASK"
EVT_QUEUE_SEND,400,400000,Bus,0x3ffb68cc,0,TASK,"EVT_QUEUE_SEND,400,400000,Bus,0x3ffb68cc,0,TASK"
EVT_TASK_DELAY_UNTIL,400,400000,Bus,0x0,600,TASK,"EVT_TASK_DELAY_UNTIL,400,400000,Bus,0x0,600,TASK"
traceTASK_SWITCHED_OUT,400,400000,Bus,0x0,0,TASK,"traceTASK_SWITCHED_OUT,400,400000,Bus,0x0,0,TASK"
traceTASK_SWITCHED_IN,400,400000,IDLE,0x0,0,TASK,"traceTASK_SWITCHED_IN,400,400000,IDLE,0x0,0,TASK"
traceTASK_SWITCHED_OUT,600,600000,IDLE,0x0,0,TASK,"traceTASK_SWITCHED_OUT,600,600000,IDLE,0x0,0,TASK"
traceTASK_SWITCHED_IN,600,600000,Bus,0x0,0,TASK,"traceTASK_SWITCHED_IN,600,600000,Bus,0x0,0,TASK"
EVT_QUEUE_SEND,600,600000,Bus,0x3ffb9d04,0,TASK,"EVT_QUEUE_SEND,600,600000,Bus,0x3ffb9d04,0,TASK"
traceTASK_SWITCHED_OUT,600,600000,Bus,0x0,0,TASK,"traceTASK_SWITCHED_OUT,600,600000,Bus,0x0,0,TASK"
traceTASK_SWITCHED_IN,600,600000,printer,0x0,0,TASK,"traceTASK_SWITCHED_IN,600,600000,printer,0x0,0,TASK"
EVT_QUEUE_RECEIVE,600,600000,printer,0x3ffb9d04,0,TASK,"EVT_QUEUE_RECEIVE,600,600000,printer,0x3ffb9d04,0,TASK"
EVT_QUEUE_SEND,600,600000,printer,0x3ffb6a9c,0,TASK,"EVT_QUEUE_SEND,600,600000,printer,0x3ffb6a9c,0,TASK"
EVT_QUEUE_SEND,600,600000,printer,0x3ffb7f7c,0,TASK,"EVT_QUEUE_SEND,600,600000,printer,0x3ffb7f7c,0,TASK"
EVT_QUEUE_SEND,600,600000,printer,0x3ffb68cc,0,TASK,"EVT_QUEUE_SEND,600,600000,printer,0x3ffb68cc,0,TASK"
traceTASK_SWITCHED_OUT,600,600000,printer,0x0,0,TASK,"traceTASK_SWITCHED_OUT,600,600000,printer,0x0,0,TASK"
traceTASK_SWITCHED_IN,600,600000,Bus,0x0,0,TASK,"traceTASK_SWITCHED_IN,600,600000,Bus,0x0,0,TASK"
EVT_QUEUE_SEND,600,600000,Bus,0x3ffb6a9c,0,TASK,"EVT_QUEUE_SEND,600,600000,Bus,0x3ffb6a9c,0,TASK"
EVT_QUEUE_SEND,600,600000,Bus,0x3ffb7f7c,0,TASK,"EVT_QUEUE_SEND,600,600000,Bus,0x3ffb7f7c,0,TASK"
EVT_QUEUE_SEND,600,600000,Bus,0x3ffb68cc,0,TASK,"EVT_QUEUE_SEND,600,600000,Bus,0x3ffb68cc,0,TASK"
EVT_TASK_DELAY_UNTIL,600,600000,Bus,0x0,800,TASK,"EVT_TASK_DELAY_UNTIL,600,600000,Bus,0x0,800,TASK"
traceTASK_SWITCHED_OUT,600,600000,Bus,0x0,0,TASK,"traceTASK_SWITCHED_OUT,600,600000,Bus,0x0,0,TASK"
traceTASK_SWITCHED_IN,600,600000,IDLE,0x0,0,TASK,"traceTASK_SWITCHED_IN,600,600000,IDLE,0x0,0,TASK"
traceTASK_SWITCHED_OUT,606,606000,IDLE,0x0,0,TASK,"traceTASK_SWITCHED_OUT,606,606000,IDLE,0x0,0,TASK"
traceTASK_SWITCHED_IN,606,606000,Cycle,0x0,0,TASK,"traceTASK_SWITCHED_IN,606,606000,Cycle,0x0,0,TASK"
EVT_QUEUE_SEND,606,606000,Cycle,0x3ffb9d04,0,TASK,"EVT_QUEUE_SEND,606,606000,Cycle,0x3ffb9d04,0,TASK"
traceTASK_SWITCHED_OUT,606,606000,Cycle,0x0,0,TASK,"traceTASK_SWITCHED_OUT,606,606000,Cycle,0x0,0,TASK"
traceTASK_SWITCHED_IN,606,606000,printer,0x0,0,TASK,"traceTASK_SWITCHED_IN,606,606000,printer,0x0,0,TASK"
EVT_QUEUE_RECEIVE,606,606000,printer,0x3ffb9d04,0,TASK,"EVT_QUEUE_RECEIVE,606,606000,printer,0x3ffb9d04,0,TASK"
EVT_QUEUE_SEND,606,606000,printer,0x3ffb6a9c,0,TASK,"EVT_QUEUE_SEND,606,606000,printer,0x3ffb6a9c,0,TASK"
EVT_QUEUE_SEND,606,606000,printer,0x3ffb7f7c,0,TASK,"EVT_QUEUE_SEND,606,606000,printer,0x3ffb7f7c,0,TASK"
EVT_QUEUE_SEND,606,606000,printer,0x3ffb68cc,0,TASK,"EVT_QUEUE_SEND,606,606000,printer,0x3ffb68cc,0,TASK"
traceTASK_SWITCHED_OUT,606,606000,printer,0x0,0,TASK,"traceTASK_SWITCHED_OUT,606,606000,printer,0x0,0,TASK"
traceTASK_SWITCHED_IN,606,606000,Cycle,0x0,0,TASK,"traceTASK_SWITCHED_IN,606,606000,Cycle,0x0,0,TASK"
EVT_QUEUE_SEND,606,606000,Cycle,0x3ffb6a9c,0,TASK,"EVT_QUEUE_SEND,606,606000,Cycle,0x3ffb6a9c,0,TASK"
EVT_QUEUE_SEND,610,610000,Cycle,0x3ffb7f7c,0,TASK,"EVT_QUEUE_SEND,610,610000,Cycle,0x3ffb7f7c,0,TASK"
EVT_QUEUE_SEND,610,610000,Cycle,0x3ffb68cc,0,TASK,"EVT_QUEUE_SEND,610,610000,Cycle,0x3ffb68cc,0,TASK"
EVT_TASK_DELAY_UNTIL,610,610000,Cycle,0x0,906,TASK,"EVT_TASK_DELAY_UNTIL,610,610000,Cycle,0x0,906,TASK"
traceTASK_SWITCHED_OUT,610,610000,Cycle,0x0,0,TASK,"traceTASK_SWITCHED_OUT,610,610000,Cycle,0x0,0,TASK"
traceTASK_SWITCHED_IN,610,610000,IDLE,0x0,0,TASK,"traceTASK_SWITCHED_IN,610,610000,IDLE,0x0,0,TASK"
traceTASK_SWITCHED_OUT,800,800000,IDLE,0x0,0,TASK,"traceTASK_SWITCHED_OUT,800,800000,IDLE,0x0,0,TASK"
traceTASK_SWITCHED_IN,800,800000,Bus,0x0,0,TASK,"traceTASK_SWITCHED_IN,800,800000,Bus,0x0,0,TASK"
EVT_QUEUE_SEND,800,800000,Bus,0x3ffb9d04,0,TASK,"EVT_QUEUE_SEND,800,800000,Bus,0x3ffb9d04,0,TASK"
traceTASK_SWITCHED_OUT,800,800000,Bus,0x0,0,TASK,"traceTASK_SWITCHED_OUT,800,800000,Bus,0x0,0,TASK"
traceTASK_SWITCHED_IN,800,800000,printer,0x0,0,TASK,"traceTASK_SWITCHED_IN,800,800000,printer,0x0,0,TASK"
EVT_QUEUE_RECEIVE,800,800000,printer,0x3ffb9d04,0,TASK,"EVT_QUEUE_RECEIVE,800,800000,printer,0x3ffb9d04,0,TASK"
EVT_QUEUE_SEND,800,800000,printer,0x3ffb6a9c,0,TASK,"EVT_QUEUE_SEND,800,800000,printer,0x3ffb6a9c,0,TASK"
EVT_QUEUE_SEND,800,800000,printer,0x3ffb7f7c,0,TASK,"EVT_QUEUE_SEND,800,800000,printer,0x3ffb7f7c,0,TASK"
EVT_QUEUE_SEND,800,800000,printer,0x3ffb68cc,0,TASK,"EVT_QUEUE_SEND,800,800000,printer,0x3ffb68cc,0,TASK"
traceTASK_SWITCHED_OUT,800,800000,printer,0x0,0,TASK,"traceTASK_SWITCHED_OUT,800,800000,printer,0x0,0,TASK"
traceTASK_SWITCHED_IN,800,800000,Bus,0x0,0,TASK,"traceTASK_SWITCHED_IN,800,800000,Bus,0x0,0,TASK"
EVT_QUEUE_SEND,800,800000,Bus,0x3ffb6a9c,0,TASK,"EVT_QUEUE_SEND,800,800000,Bus,0x3ffb6a9c,0,TASK"
EVT_QUEUE_SEND,800,800000,Bus,0x3ffb7f7c,0,TASK,"EVT_QUEUE_SEND,800,800000,Bus,0x3ffb7f7c,0,TASK"
EVT_QUEUE_SEND,800,800000,Bus,0x3ffb68cc,0,TASK,"EVT_QUEUE_SEND,800,800000,Bus,0x3ffb68cc,0,TASK"
EVT_TASK_DELAY_UNTIL,800,800000,Bus,0x0,1000,TASK,"EVT_TASK_DELAY_UNTIL,800,800000,Bus,0x0,1000,TASK"
traceTASK_SWITCHED_OUT,800,800000,Bus,0x0,0,TASK,"traceTASK_SWITCHED_OUT,800,800000,Bus,0x0,0,TASK"
traceTASK_SWITCHED_IN,800,800000,IDLE,0x0,0,TASK,"traceTASK_SWITCHED_IN,800,800000,IDLE,0x0,0,TASK"
traceTASK_SWITCHED_OUT,906,906000,IDLE,0x0,0,TASK,"traceTASK_SWITCHED_OUT,906,906000,IDLE,0x0,0,TASK"
traceTASK_SWITCHED_IN,906,906000,Cycle,0x0,0,TASK,"traceTASK_SWITCHED_IN,906,906000,Cycle,0x0,0,TASK"
EVT_QUEUE_SEND,906,906000,Cycle,0x3ffb9d04,0,TASK,"EVT_QUEUE_SEND,906,906000,Cycle,0x3ffb9d04,0,TASK"
traceTASK_SWITCHED_OUT,906,906000,Cycle,0x0,0,TASK,"traceTASK_SWITCHED_OUT,906,906000,Cycle,0x0,0,TASK"
traceTASK_SWITCHED_IN,906,906000,printer,0x0,0,TASK,"traceTASK_SWITCHED_IN,906,906000,printer,0x0,0,TASK"
EVT_QUEUE_RECEIVE,906,906000,printer,0x3ffb9d04,0,TASK,"EVT_QUEUE_RECEIVE,906,906000,printer,0x3ffb9d04,0,TASK"
EVT_QUEUE_SEND,906,906000,printer,0x3ffb6a9c,0,TASK,"EVT_QUEUE_SEND,906,906000,printer,0x3ffb6a9c,0,TASK"
EVT_QUEUE_SEND,906,906000,printer,0x3ffb7f7c,0,TASK,"EVT_QUEUE_SEND,906,906000,printer,0x3ffb7f7c,0,TASK"
EVT_QUEUE_SEND,906,906000,printer,0x3ffb68cc,0,TASK,"EVT_QUEUE_SEND,906,906000,printer,0x3ffb68cc,0,TASK"
traceTASK_SWITCHED_OUT,906,906000,printer,0x0,0,TASK,"traceTASK_SWITCHED_OUT,906,906000,printer,0x0,0,TASK"
traceTASK_SWITCHED_IN,906,906000,Cycle,0x0,0,TASK,"traceTASK_SWITCHED_IN,906,906000,Cycle,0x0,0,TASK"
EVT_QUEUE_SEND,906,906000,Cycle,0x3ffb6a9c,0,TASK,"EVT_QUEUE_SEND,906,906000,Cycle,0x3ffb6a9c,0,TASK"
EVT_QUEUE_SEND,906,906000,Cycle,0x3ffb7f7c,0,TASK,"EVT_QUEUE_SEND,906,906000,Cycle,0x3ffb7f7c,0,TASK"
EVT_QUEUE_SEND,906,906000,Cycle,0x3ffb68cc,0,TASK,"EVT_QUEUE_SEND,906,906000,Cycle,0x3ffb68cc,0,TASK"
EVT_TASK_DELAY_UNTIL,906,906000,Cycle,0x0,1206,TASK,"EVT_TASK_DELAY_UNTIL,906,906000,Cycle,0x0,1206,TASK"
traceTASK_SWITCHED_OUT,906,906000,Cycle,0x0,0,TASK,"traceTASK_SWITCHED_OUT,906,906000,Cycle,0x0,0,TASK"
traceTASK_SWITCHED_IN,906,906000,IDLE,0x0,0,TASK,"traceTASK_SWITCHED_IN,906,906000,IDLE,0x0,0,TASK"
traceTASK_SWITCHED_OUT,1000,1000000,IDLE,0x0,0,TASK,"traceTASK_SWITCHED_OUT,1000,1000000,IDLE,0x0,0,TASK"
traceTASK_SWITCHED_IN,1000,1000000,Bus,0x0,0,TASK,"traceTASK_SWITCHED_IN,1000,1000000,Bus,0x0,0,TASK"
EVT_QUEUE_SEND,1000,1000000,Bus,0x3ffb9d04,0,TASK,"EVT_QUEUE_SEND,1000,1000000,Bus,0x3ffb9d04,0,TASK"
traceTASK_SWITCHED_OUT,1000,1000000,Bus,0x0,0,TASK,"traceTASK_SWITCHED_OUT,1000,1000000,Bus,0x0,0,TASK"
traceTASK_SWITCHED_IN,1000,1000000,printer,0x0,0,TASK,"traceTASK_SWITCHED_IN,1000,1000000,printer,0x0,0,TASK"
EVT_QUEUE_RECEIVE,1000,1000000,printer,0x3ffb9d04,0,TASK,"EVT_QUEUE_RECEIVE,1000,1000000,printer,0x3ffb9d04,0,TASK"
EVT_QUEUE_SEND,1000,1000000,printer,0x3ffb6a9c,0,TASK,"EVT_QUEUE_SEND,1000,1000000,printer,0x3ffb6a9c,0,TASK"
EVT_QUEUE_SEND,1000,1000000,printer,0x3ffb7f7c,0,TASK,"EVT_QUEUE_SEND,1000,1000000,printer,0x3ffb7f7c,0,TASK"
EVT_QUEUE_SEND,1000,1000000,printer,0x3ffb68cc,0,TASK,"EVT_QUEUE_SEND,1000,1000000,printer,0x3ffb68cc,0,TASK"
traceTASK_SWITCHED_OUT,1000,1000000,printer,0x0,0,TASK,"traceTASK_SWITCHED_OUT,1000,1000000,printer,0x0,0,TASK"
traceTASK_SWITCHED_IN,1000,1000000,Bus,0x0,0,TASK,"traceTASK_SWITCHED_IN,1000,1000000,Bus,0x0,0,TASK"
EVT_QUEUE_SEND,1000,1000000,Bus,0x3ffb6a9c,0,TASK,"EVT_QUEUE_SEND,1000,1000000,Bus,0x3ffb6a9c,0,TASK"
EVT_QUEUE_SEND,1000,1000000,Bus,0x3ffb7f7c,0,TASK,"EVT_QUEUE_SEND,1000,1000000,Bus,0x3ffb7f7c,0,TASK"
EVT_QUEUE_SEND,1000,1000000,Bus,0x3ffb68cc,0,TASK,"EVT_QUEUE_SEND,1000,1000000,Bus,0x3ffb68cc,0,TASK"
EVT_TASK_DELAY_UNTIL,1000,1000000,Bus,0x0,1200,TASK,"EVT_TASK_DELAY_UNTIL,1000,1000000,Bus,0x0,1200,TASK"
traceTASK_SWITCHED_OUT,1000,1000000,Bus,0x0,0,TASK,"traceTASK_SWITCHED_OUT,1000,1000000,Bus,0x0,0,TASK"
traceTASK_SWITCHED_IN,1000,1000000,IDLE,0x0,0,TASK,"traceTASK_SWITCHED_IN,1000,1000000,IDLE,0x0,0,TASK"
traceTASK_SWITCHED_OUT,1200,1200000,IDLE,0x0,0,TASK,"traceTASK_SWITCHED_OUT,1200,1200000,IDLE,0x0,0,TASK"
traceTASK_SWITCHED_IN,1200,1200000,Bus,0x0,0,TASK,"traceTASK_SWITCHED_IN,1200,1200000,Bus,0x0,0,TASK"
EVT_QUEUE_SEND,1200,1200000,Bus,0x3ffb9d04,0,TASK,"EVT_QUEUE_SEND,1200,1200000,Bus,0x3ffb9d04,0,TASK"
traceTASK_SWITCHED_OUT,1200,1200000,Bus,0x0,0,TASK,"traceTASK_SWITCHED_OUT,1200,1200000,Bus,0x0,0,TASK"
traceTASK_SWITCHED_IN,1200,1200000,printer,0x0,0,TASK,"traceTASK_SWITCHED_IN,1200,1200000,printer,0x0,0,TASK"
EVT_QUEUE_RECEIVE,1200,1200000,printer,0x3ffb9d04,0,TASK,"EVT_QUEUE_RECEIVE,1200,1200000,printer,0x3ffb9d04,0,TASK"
EVT_QUEUE_SEND,1200,1200000,printer,0x3ffb6a9c,0,TASK,"EVT_QUEUE_SEND,1200,1200000,printer,0x3ffb6a9c,0,TASK"
EVT_QUEUE_SEND,1200,1200000,printer,0x3ffb7f7c,0,TASK,"EVT_QUEUE_SEND,1200,1200000,printer,0x3ffb7f7c,0,TASK"
EVT_QUEUE_SEND,1200,1200000,printer,0x3ffb68cc,0,TASK,"EVT_QUEUE_SEND,1200,1200000,printer,0x3ffb68cc,0,TASK"
traceTASK_SWITCHED_OUT,1200,1200000,printer,0x0,0,TASK,"traceTASK_SWITCHED_OUT,1200,1200000,printer,0x0,0,TASK"
traceTASK_SWITCHED_IN,1200,1200000,Bus,0x0,0,TASK,"traceTASK_SWITCHED_IN,1200,1200000,Bus,0x0,0,TASK"
EVT_QUEUE_SEND,1200,1200000,Bus,0x3ffb6a9c,0,TASK,"EVT_QUEUE_SEND,1200,1200000,Bus,0x3ffb6a9c,0,TASK"
EVT_QUEUE_SEND,1200,1200000,Bus,0x3ffb7f7c,0,TASK,"EVT_QUEUE_SEND,1200,1200000,Bus,0x3ffb7f7c,0,TASK"
EVT_QUEUE_SEND,1200,1200000,Bus,0x3ffb68cc,0,TASK,"EVT_QUEUE_SEND,1200,1200000,Bus,0x3ffb68cc,0,TASK"
EVT_TASK_DELAY_UNTIL,1200,1200000,Bus,0x0,1400,TASK,"EVT_TASK_DELAY_UNTIL,1200,1200000,Bus,0x0,1400,TASK"
traceTASK_SWITCHED_OUT,1200,1200000,Bus,0x0,0,TASK,"traceTASK_SWITCHED_OUT,1200,1200000,Bus,0x0,0,TASK"
traceTASK_SWITCHED_IN,1200,1200000,IDLE,0x0,0,TASK,"traceTASK_SWITCHED_IN,1200,1200000,IDLE,0x0,0,TASK"
traceTASK_SWITCHED_OUT,1206,1206000,IDLE,0x0,0,TASK,"traceTASK_SWITCHED_OUT,1206,1206000,IDLE,0x0,0,TASK"
traceTASK_SWITCHED_IN,1206,1206000,Cycle,0x0,0,TASK,"traceTASK_SWITCHED_IN,1206,1206000,Cycle,0x0,0,TASK"
EVT_QUEUE_SEND,1206,1206000,Cycle,0x3ffb9d04,0,TASK,"EVT_QUEUE_SEND,1206,1206000,Cycle,0x3ffb9d04,0,TASK"
traceTASK_SWITCHED_OUT,1206,1206000,Cycle,0x0,0,TASK,"traceTASK_SWITCHED_OUT,1206,1206000,Cycle,0x0,0,TASK"
traceTASK_SWITCHED_IN,1206,1206000,printer,0x0,0,TASK,"traceTASK_SWITCHED_IN,1206,1206000,printer,0x0,0,TASK"
EVT_QUEUE_RECEIVE,1206,1206000,printer,0x3ffb9d04,0,TASK,"EVT_QUEUE_RECEIVE,1206,1206000,printer,0x3ffb9d04,0,TASK"
EVT_QUEUE_SEND,1206,1206000,printer,0x3ffb6a9c,0,TASK,"EVT_QUEUE_SEND,1206,1206000,printer,0x3ffb6a9c,0,TASK"
EVT_QUEUE_SEND,1206,1206000,printer,0x3ffb7f7c,0,TASK,"EVT_QUEUE_SEND,1206,1206000,printer,0x3ffb7f7c,0,TASK"
EVT_QUEUE_SEND,1206,1206000,printer,0x3ffb68cc,0,TASK,"EVT_QUEUE_SEND,1206,1206000,printer,0x3ffb68cc,0,TASK"
traceTASK_SWITCHED_OUT,1206,1206000,printer,0x0,0,TASK,"traceTASK_SWITCHED_OUT,1206,1206000,printer,0x0,0,TASK"
traceTASK_SWITCHED_IN,1206,1206000,Cycle,0x0,0,TASK,"traceTASK_SWITCHED_IN,1206,1206000,Cycle,0x0,0,TASK"
EVT_QUEUE_SEND,1206,1206000,Cycle,0x3ffb6a9c,0,TASK,"EVT_QUEUE_SEND,1206,1206000,Cycle,0x3ffb6a9c,0,TASK"
EVT_QUEUE_SEND,1210,1210000,Cycle,0x3ffb7f7c,0,TASK,"EVT_QUEUE_SEND,1210,1210000,Cycle,0x3ffb7f7c,0,TASK"
EVT_QUEUE_SEND,1210,1210000,Cycle,0x3ffb68cc,0,TASK,"EVT_QUEUE_SEND,1210,1210000,Cycle,0x3ffb68cc,0,TASK"
EVT_TASK_DELAY_UNTIL,1210,1210000,Cycle,0x0,1506,TASK,"EVT_TASK_DELAY_UNTIL,1210,1210000,Cycle,0x0,1506,TASK"
traceTASK_SWITCHED_OUT,1210,1210000,Cycle,0x0,0,TASK,"traceTASK_SWITCHED_OUT,1210,1210000,Cycle,0x0,0,TASK"
traceTASK_SWITCHED_IN,1210,1210000,IDLE,0x0,0,TASK,"traceTASK_SWITCHED_IN,1210,1210000,IDLE,0x0,0,TASK"
traceTASK_SWITCHED_OUT,1400,1400000,IDLE,0x0,0,TASK,"traceTASK_SWITCHED_OUT,1400,1400000,IDLE,0x0,0,TASK"
traceTASK_SWITCHED_IN,1400,1400000,Bus,0x0,0,TASK,"traceTASK_SWITCHED_IN,1400,1400000,Bus,0x0,0,TASK"
EVT_QUEUE_SEND,1400,1400000,Bus,0x3ffb9d04,0,TASK,"EVT_QUEUE_SEND,1400,1400000,Bus,0x3ffb9d04,0,TASK"
traceTASK_SWITCHED_OUT,1400,1400000,Bus,0x0,0,TASK,"traceTASK_SWITCHED_OUT,1400,1400000,Bus,0x0,0,TASK"
traceTASK_SWITCHED_IN,1400,1400000,printer,0x0,0,TASK,"traceTASK_SWITCHED_IN,1400,1400000,printer,0x0,0,TASK"
EVT_QUEUE_RECEIVE,1400,1400000,printer,0x3ffb9d04,0,TASK,"EVT_QUEUE_RECEIVE,1400,1400000,printer,0x3ffb9d04,0,TASK"
EVT_QUEUE_SEND,1400,1400000,printer,0x3ffb6a9c,0,TASK,"EVT_QUEUE_SEND,1400,1400000,printer,0x3ffb6a9c,0,TASK"
EVT_QUEUE_SEND,1400,1400000,printer,0x3ffb7f7c,0,TASK,"EVT_QUEUE_SEND,1400,1400000,printer,0x3ffb7f7c,0,TASK"
EVT_QUEUE_SEND,1400,1400000,printer,0x3ffb68cc,0,TASK,"EVT_QUEUE_SEND,1400,1400000,printer,0x3ffb68cc,0,TASK"
traceTASK_SWITCHED_OUT,1400,1400000,printer,0x0,0,TASK,"traceTASK_SWITCHED_OUT,1400,1400000,printer,0x0,0,TASK"
traceTASK_SWITCHED_IN,1400,1400000,Bus,0x0,0,TASK,"traceTASK_SWITCHED_IN,1400,1400000,Bus,0x0,0,TASK"
EVT_QUEUE_SEND,1400,1400000,Bus,0x3ffb6a9c,0,TASK,"EVT_QUEUE_SEND,1400,1400000,Bus,0x3ffb6a9c,0,TASK"
EVT_QUEUE_SEND,1400,1400000,Bus,0x3ffb7f7c,0,TASK,"EVT_QUEUE_SEND,1400,1400000,Bus,0x3ffb7f7c,0,TASK"
EVT_QUEUE_SEND,1400,1400000,Bus,0x3ffb68cc,0,TASK,"EVT_QUEUE_SEND,1400,1400000,Bus,0x3ffb68cc,0,TASK"
EVT_TASK_DELAY_UNTIL,1400,1400000,Bus,0x0,1600,TASK,"EVT_TASK_DELAY_UNTIL,1400,1400000,Bus,0x0,1600,TASK"
traceTASK_SWITCHED_OUT,1400,1400000,Bus,0x0,0,TASK,"traceTASK_SWITCHED_OUT,1400,1400000,Bus,0x0,0,TASK"
traceTASK_SWITCHED_IN,1400,1400000,IDLE,0x0,0,TASK,"traceTASK_SWITCHED_IN,1400,1400000,IDLE,0x0,0,TASK"
traceTASK_SWITCHED_OUT,1500,1500000,IDLE,0x0,0,TASK,"traceTASK_SWITCHED_OUT,1500,1500000,IDLE,0x0,0,TASK"
traceTASK_SWITCHED_IN,1500,1500000,Killer,0x0,0,TASK,"traceTASK_SWITCHED_IN,1500,1500000,Killer,0x0,0,TASK"
EVT_QUEUE_SEND,1500,1500000,Killer,0x3ffb6a9c,0,TASK,"EVT_QUEUE_SEND,1500,1500000,Killer,0x3ffb6a9c,0,TASK"
EVT_QUEUE_SEND,1500,1500000,Killer,0x3ffb7f7c,0,TASK,"EVT_QUEUE_SEND,1500,1500000,Killer,0x3ffb7f7c,0,TASK"
EVT_QUEUE_SEND,1500,1500000,Killer,0x3ffb68cc,0,TASK,"EVT_QUEUE_SEND,1500,1500000,Killer,0x3ffb68cc,0,TASK"
EVT_TASK_DELETE,1500,1500000,Killer,0x3ffbd9b8,0,TASK,"EVT_TASK_DELETE,1500,1500000,Killer,0x3ffbd9b8,0,TASK"
EVT_TASK_DELETE,1500,1500000,Killer,0x3ffcc814,0,TASK,"EVT_TASK_DELETE,1500,1500000,Killer,0x3ffcc814,0,TASK"
EVT_TASK_DELETE,1500,1500000,Killer,0x3ffcd96c,0,TASK,"EVT_TASK_DELETE,1500,1500000,Killer,0x3ffcd96c,0,TASK"
EVT_QUEUE_SEND,1500,1500000,Killer,0x3ffb6a9c,0,TASK,"EVT_QUEUE_SEND,1500,1500000,Killer,0x3ffb6a9c,0,TASK"
EVT_QUEUE_SEND,1500,1500000,Killer,0x3ffb7f7c,0,TASK,"EVT_QUEUE_SEND,1500,1500000,Killer,0x3ffb7f7c,0,TASK"
EVT_QUEUE_SEND,1500,1500000,Killer,0x3ffb68cc,0,TASK,"EVT_QUEUE_SEND,1500,1500000,Killer,0x3ffb68cc,0,TASK"
EVT_QUEUE_SEND,2641,2641000,Killer,0x3ffb6a9c,0,TASK,"EVT_QUEUE_SEND,2641,2641000,Killer,0x3ffb6a9c,0,TASK"
EVT_QUEUE_SEND,2645,2645000,Killer,0x3ffb7f7c,0,TASK,"EVT_QUEUE_SEND,2645,2645000,Killer,0x3ffb7f7c,0,TASK"
EVT_QUEUE_SEND,2645,2645000,Killer,0x3ffb68cc,0,TASK,"EVT_QUEUE_SEND,2645,2645000,Killer,0x3ffb68cc,0,TASK"
EVT_TASK_DELETE,2645,2645000,Killer,0x3ffbc70c,0,TASK,"EVT_TASK_DELETE,2645,2645000,Killer,0x3ffbc70c,0,TASK"
traceTASK_SWITCHED_OUT,2645,2645000,Killer,0x0,0,TASK,"traceTASK_SWITCHED_OUT,2645,2645000,Killer,0x0,0,TASK"
traceTASK_SWITCHED_IN,2645,2645000,IDLE,0x0,0,TASK,"traceTASK_SWITCHED_IN,2645,2645000,IDLE,0x0,0,TASK"
traceTASK_SWITCHED_OUT,5020,5020000,IDLE,0x0,0,TASK,"traceTASK_SWITCHED_OUT,5020,5020000,IDLE,0x0,0,TASK"
